{
  "type": "FeatureCollection",
  "features": [
    {
      "name": "Bombo",
      "latitude": 0.58329910562,
      "longitude": 32.5332995249,
      "region": "Uganda"
    },
    {
      "name": "Fort Portal",
      "latitude": 0.67100412113,
      "longitude": 30.275001616,
      "region": "Uganda"
    },
    {
      "name": "Potenza",
      "latitude": 40.6420021301,
      "longitude": 15.7989964956,
      "region": "Italy"
    },
    {
      "name": "Campobasso",
      "latitude": 41.5629991186,
      "longitude": 14.6559965589,
      "region": "Italy"
    },
    {
      "name": "Aosta",
      "latitude": 45.7370010671,
      "longitude": 7.31500259571,
      "region": "Italy"
    },
    {
      "name": "Mariehamn",
      "latitude": 60.0969961849,
      "longitude": 19.9490044719,
      "region": "Finland"
    },
    {
      "name": "Ramallah",
      "latitude": 31.9029447514,
      "longitude": 35.2062093782,
      "region": "Indeterminate"
    },
    {
      "name": "Vatican City",
      "latitude": 41.9000122264,
      "longitude": 12.4478083889,
      "region": "Vatican (Holy Sea)"
    },
    {
      "name": "Poitier",
      "latitude": 46.5832922557,
      "longitude": 0.33327652854,
      "region": "French Republic"
    },
    {
      "name": "Clermont-Ferrand",
      "latitude": 45.7799821158,
      "longitude": 3.08000809593,
      "region": "French Republic"
    },
    {
      "name": "Besancon",
      "latitude": 47.2299969677,
      "longitude": 6.03000890974,
      "region": "French Republic"
    },
    {
      "name": "Artigas Base",
      "latitude": -62.17388669198,
      "longitude": -58.86386407234,
      "region": "Indeterminate"
    },
    {
      "name": "Chipata",
      "latitude": -13.6295698864,
      "longitude": 32.640012572,
      "region": "Zambia"
    },
    {
      "name": "Jinja",
      "latitude": 0.44042401011,
      "longitude": 33.1999267158,
      "region": "Uganda"
    },
    {
      "name": "Arua",
      "latitude": 3.02036989228,
      "longitude": 30.9000154203,
      "region": "Uganda"
    },
    {
      "name": "Mbale",
      "latitude": 1.09041017548,
      "longitude": 34.1699967028,
      "region": "Uganda"
    },
    {
      "name": "Moroto",
      "latitude": 2.54034751272,
      "longitude": 34.6399938545,
      "region": "Uganda"
    },
    {
      "name": "Masaka",
      "latitude": -0.32960650747,
      "longitude": 31.7299905993,
      "region": "Uganda"
    },
    {
      "name": "Mbarara",
      "latitude": -0.5996158662,
      "longitude": 30.6500048408,
      "region": "Uganda"
    },
    {
      "name": "Otjiwarongo",
      "latitude": -20.4595405896,
      "longitude": 16.6400072822,
      "region": "Namibia"
    },
    {
      "name": "Bologna",
      "latitude": 44.5004219758,
      "longitude": 11.3400207099,
      "region": "Italy"
    },
    {
      "name": "Cagliari",
      "latitude": 39.2223978872,
      "longitude": 9.10398148462,
      "region": "Italy"
    },
    {
      "name": "Catanzaro",
      "latitude": 38.9003761994,
      "longitude": 16.6000097236,
      "region": "Italy"
    },
    {
      "name": "Bari",
      "latitude": 41.114220397,
      "longitude": 16.8727579332,
      "region": "Italy"
    },
    {
      "name": "L'Aquila",
      "latitude": 42.3503981721,
      "longitude": 13.3900247789,
      "region": "Italy"
    },
    {
      "name": "Ancona",
      "latitude": 43.6003735546,
      "longitude": 13.4999405504,
      "region": "Italy"
    },
    {
      "name": "Perugia",
      "latitude": 43.1103776236,
      "longitude": 12.3899824612,
      "region": "Italy"
    },
    {
      "name": "Trieste",
      "latitude": 45.6503776236,
      "longitude": 13.8000255927,
      "region": "Italy"
    },
    {
      "name": "Trento",
      "latitude": 46.0804288931,
      "longitude": 11.1199824612,
      "region": "Italy"
    },
    {
      "name": "Fort-de-France",
      "latitude": 14.6104118031,
      "longitude": -61.0800291358,
      "region": "French Republic"
    },
    {
      "name": "Gifu",
      "latitude": 35.4230949087,
      "longitude": 136.762752644,
      "region": "Japan"
    },
    {
      "name": "Saint-Laurent-du-Maroni",
      "latitude": 5.49762408054,
      "longitude": -54.0325345879,
      "region": "French Republic"
    },
    {
      "name": "Caen",
      "latitude": 49.1837536815,
      "longitude": -0.34998925923,
      "region": "French Republic"
    },
    {
      "name": "Nantes",
      "latitude": 47.2103857616,
      "longitude": -1.5900169285,
      "region": "French Republic"
    },
    {
      "name": "Ajaccio",
      "latitude": 41.9270648387,
      "longitude": 8.72829382186,
      "region": "French Republic"
    },
    {
      "name": "Montpellier",
      "latitude": 43.6103987824,
      "longitude": 3.86998571637,
      "region": "French Republic"
    },
    {
      "name": "Dijon",
      "latitude": 47.3304042756,
      "longitude": 5.03001826846,
      "region": "French Republic"
    },
    {
      "name": "Orleans",
      "latitude": 47.900421162,
      "longitude": 1.90002844098,
      "region": "French Republic"
    },
    {
      "name": "Rouen",
      "latitude": 49.4304052929,
      "longitude": 1.07997513694,
      "region": "French Republic"
    },
    {
      "name": "Reims",
      "latitude": 49.250390441,
      "longitude": 4.02997595075,
      "region": "French Republic"
    },
    {
      "name": "Amiens",
      "latitude": 49.9003766063,
      "longitude": 2.30000402691,
      "region": "French Republic"
    },
    {
      "name": "Nancy",
      "latitude": 48.6836808462,
      "longitude": 6.20002437198,
      "region": "French Republic"
    },
    {
      "name": "Basse-terre",
      "latitude": 16.2303904408,
      "longitude": -61.4399813249,
      "region": "French Republic"
    },
    {
      "name": "Novi Sad",
      "latitude": 45.2503761994,
      "longitude": 19.8499405504,
      "region": "Republic of Serbia"
    },
    {
      "name": "Banja Luka",
      "latitude": 44.7804048859,
      "longitude": 17.1799743232,
      "region": "Bosnia and Herzegovina"
    },
    {
      "name": "George Town",
      "latitude": 19.2804368276,
      "longitude": -81.3299817319,
      "region": "United Kingdom"
    },
    {
      "name": "Grand Turk",
      "latitude": 21.4664274282,
      "longitude": -71.1359786394,
      "region": "United Kingdom"
    },
    {
      "name": "Douglas",
      "latitude": 54.1504272655,
      "longitude": -4.48002140443,
      "region": "United Kingdom"
    },
    {
      "name": "San Marino",
      "latitude": 43.9171500845,
      "longitude": 12.4666702867,
      "region": "San Marino"
    },
    {
      "name": "Willemstad",
      "latitude": 12.2004297068,
      "longitude": -69.0199837663,
      "region": "Kingdom of the Netherlands"
    },
    {
      "name": "Oranjestad",
      "latitude": 12.530383727,
      "longitude": -70.0289919451,
      "region": "Kingdom of the Netherlands"
    },
    {
      "name": "Vaduz",
      "latitude": 47.1337237743,
      "longitude": 9.51666947291,
      "region": "Liechtenstein"
    },
    {
      "name": "Capitan Arturo Prat Station",
      "latitude": -62.499506817,
      "longitude": -59.6833185238,
      "region": "Indeterminate"
    },
    {
      "name": "Marambio Station",
      "latitude": -64.2328893853,
      "longitude": -56.6500153011,
      "region": "Indeterminate"
    },
    {
      "name": "Zucchelli Station",
      "latitude": -74.6191925882,
      "longitude": 164.219027062,
      "region": "Indeterminate"
    },
    {
      "name": "Rothera Station",
      "latitude": -67.5647756035,
      "longitude": -68.1235405452,
      "region": "Indeterminate"
    },
    {
      "name": "Palmer Station",
      "latitude": -64.7624133527,
      "longitude": -64.0468756026,
      "region": "Indeterminate"
    },
    {
      "name": "Base Presidente Montalva",
      "latitude": -62.1827435746,
      "longitude": -58.9076523299,
      "region": "Indeterminate"
    },
    {
      "name": "Carlini Station",
      "latitude": -62.2241438574,
      "longitude": -58.6504759912,
      "region": "Indeterminate"
    },
    {
      "name": "King Sejong Station",
      "latitude": -62.2248533974,
      "longitude": -58.7715987645,
      "region": "Indeterminate"
    },
    {
      "name": "Great Wall Station",
      "latitude": -62.216319968,
      "longitude": -58.966695599,
      "region": "Indeterminate"
    },
    {
      "name": "Escudero Base",
      "latitude": -62.194962507,
      "longitude": -58.9526658189,
      "region": "Indeterminate"
    },
    {
      "name": "Elephant Island",
      "latitude": -61.999589011,
      "longitude": -57.9999845801,
      "region": "Indeterminate"
    },
    {
      "name": "Scott Base",
      "latitude": -77.8469381875,
      "longitude": 166.749102347,
      "region": "Indeterminate"
    },
    {
      "name": "McMurdo Station",
      "latitude": -77.7322823892,
      "longitude": 166.869415746,
      "region": "Indeterminate"
    },
    {
      "name": "Zhongshan Station",
      "latitude": -69.4340629918,
      "longitude": 76.3392980814,
      "region": "Indeterminate"
    },
    {
      "name": "Vostok",
      "latitude": -78.4662841608,
      "longitude": 106.800033731,
      "region": "Indeterminate"
    },
    {
      "name": "Peter I Island",
      "latitude": -68.8328670058,
      "longitude": 90.4999950754,
      "region": "Indeterminate"
    },
    {
      "name": "Mirny Station",
      "latitude": -66.5755295194,
      "longitude": 93.0062884562,
      "region": "Indeterminate"
    },
    {
      "name": "Mawson Station",
      "latitude": -67.6145203175,
      "longitude": 62.8750007254,
      "region": "Indeterminate"
    },
    {
      "name": "Davis Station",
      "latitude": -68.7776743893,
      "longitude": 78.1407350894,
      "region": "Indeterminate"
    },
    {
      "name": "Concordia Research Station",
      "latitude": -74.6663093886,
      "longitude": 124.167035684,
      "region": "Indeterminate"
    },
    {
      "name": "Casey Station",
      "latitude": -66.2860861375,
      "longitude": 110.536213973,
      "region": "Indeterminate"
    },
    {
      "name": "AmundsenScott South Pole Station",
      "latitude": -89.9828938613,
      "longitude": 139.266992553,
      "region": "Indeterminate"
    },
    {
      "name": "Wasa Station",
      "latitude": -73.0496122044,
      "longitude": -13.416711061,
      "region": "Indeterminate"
    },
    {
      "name": "Troll Station",
      "latitude": -72.0162902643,
      "longitude": 2.53332311871,
      "region": "Indeterminate"
    },
    {
      "name": "Svea Station",
      "latitude": -74.5829036269,
      "longitude": -11.2166903091,
      "region": "Indeterminate"
    },
    {
      "name": "Novolazarevskaya Station",
      "latitude": -71.3012347468,
      "longitude": -11.8502129048,
      "region": "Indeterminate"
    },
    {
      "name": "Neumayer Station III",
      "latitude": -70.8903966771,
      "longitude": -7.83843800403,
      "region": "Indeterminate"
    },
    {
      "name": "Maitri Station",
      "latitude": -70.7821796023,
      "longitude": 11.7304584017,
      "region": "Indeterminate"
    },
    {
      "name": "Halley Station",
      "latitude": -76.0922631923,
      "longitude": -26.474156697,
      "region": "Indeterminate"
    },
    {
      "name": "Belgrano Station",
      "latitude": -77.8663207819,
      "longitude": -34.6166831884,
      "region": "Indeterminate"
    },
    {
      "name": "Camp Sobral",
      "latitude": -81.1790847228,
      "longitude": -40.5015315206,
      "region": "Indeterminate"
    },
    {
      "name": "Aboa Station",
      "latitude": -75.0495934869,
      "longitude": -13.416711061,
      "region": "Indeterminate"
    },
    {
      "name": "San Martín Station",
      "latitude": -68.1163215956,
      "longitude": -67.099997601,
      "region": "Indeterminate"
    },
    {
      "name": "Gen. O'Higgins Station",
      "latitude": -63.3284182298,
      "longitude": -57.8895935185,
      "region": "Indeterminate"
    },
    {
      "name": "Esperanza Station",
      "latitude": -63.3753286516,
      "longitude": -57.0259015104,
      "region": "Indeterminate"
    },
    {
      "name": "Orcadas Station",
      "latitude": -60.7328963026,
      "longitude": -44.7333008235,
      "region": "Indeterminate"
    },
    {
      "name": "Signy Research Station",
      "latitude": -60.631308147,
      "longitude": -45.6007033215,
      "region": "Indeterminate"
    },
    {
      "name": "Dumont d'Urville Station",
      "latitude": -66.77505091021,
      "longitude": 139.96368356279,
      "region": "Indeterminate"
    },
    {
      "name": "Showa Station",
      "latitude": -69.03039248766,
      "longitude": 39.7460831033,
      "region": "Indeterminate"
    },
    {
      "name": "Gibraltar",
      "latitude": 36.132434946,
      "longitude": -5.37807482973,
      "region": "United Kingdom"
    },
    {
      "name": "Lobamba",
      "latitude": -26.4666674614,
      "longitude": 31.1999971097,
      "region": "Swaziland"
    },
    {
      "name": "Edinburgh",
      "latitude": 55.9483278596,
      "longitude": -3.21909061829,
      "region": "United Kingdom"
    },
    {
      "name": "Cardiff",
      "latitude": 51.4999947297,
      "longitude": -3.22500756979,
      "region": "United Kingdom"
    },
    {
      "name": "Longyearbyen",
      "latitude": 78.2166843864,
      "longitude": 15.5499962958,
      "region": "Kingdom of Norway"
    },
    {
      "name": "Luxembourg",
      "latitude": 49.6116603791,
      "longitude": 6.13000280623,
      "region": "Luxembourg"
    },
    {
      "name": "Turin",
      "latitude": 45.0703871857,
      "longitude": 7.66996048853,
      "region": "Italy"
    },
    {
      "name": "Noumea",
      "latitude": -22.2625277637,
      "longitude": 166.444285203,
      "region": "French Republic"
    },
    {
      "name": "Matsuyama",
      "latitude": 33.8455426219,
      "longitude": 132.765838988,
      "region": "Japan"
    },
    {
      "name": "Rennes",
      "latitude": 48.1000213817,
      "longitude": -1.67001204569,
      "region": "French Republic"
    },
    {
      "name": "Toulouse",
      "latitude": 43.6199589224,
      "longitude": 1.44992671571,
      "region": "French Republic"
    },
    {
      "name": "Limoges",
      "latitude": 45.829979064,
      "longitude": 1.24999059918,
      "region": "French Republic"
    },
    {
      "name": "Lille",
      "latitude": 50.6499690949,
      "longitude": 3.08000809593,
      "region": "French Republic"
    },
    {
      "name": "Strasbourg",
      "latitude": 48.5799662466,
      "longitude": 7.75000728215,
      "region": "French Republic"
    },
    {
      "name": "Batumi",
      "latitude": 41.6000046988,
      "longitude": 41.6300064685,
      "region": "Georgia"
    },
    {
      "name": "Funchal",
      "latitude": 32.6499825226,
      "longitude": -16.880039715,
      "region": "Portugal"
    },
    {
      "name": "El Fasher",
      "latitude": 13.6299806915,
      "longitude": 25.3500182685,
      "region": "Sudan"
    },
    {
      "name": "Keetmanshoop",
      "latitude": -26.5738960584,
      "longitude": 18.1299938545,
      "region": "Namibia"
    },
    {
      "name": "Swakopmund",
      "latitude": -22.6688630994,
      "longitude": 14.5350194892,
      "region": "Namibia"
    },
    {
      "name": "Genoa",
      "latitude": 44.4099882193,
      "longitude": 8.93003861353,
      "region": "Italy"
    },
    {
      "name": "Sukhumi",
      "latitude": 43.0200213817,
      "longitude": 41.0200178617,
      "region": "Georgia"
    },
    {
      "name": "Palikir",
      "latitude": 6.91664369601,
      "longitude": 158.149974324,
      "region": "Federated States of Micronesia"
    },
    {
      "name": "Majuro",
      "latitude": 7.10300431122,
      "longitude": 171.380000176,
      "region": "Marshall Islands"
    },
    {
      "name": "Agana",
      "latitude": 13.4700162953,
      "longitude": 144.750017048,
      "region": "United States"
    },
    {
      "name": "Funafuti",
      "latitude": -8.51665199904,
      "longitude": 179.216647094,
      "region": "Tuvalu"
    },
    {
      "name": "Melekeok",
      "latitude": 7.48739617298,
      "longitude": 134.626548467,
      "region": "Palau"
    },
    {
      "name": "Bir Lehlou",
      "latitude": 26.119166686,
      "longitude": -9.65252221825,
      "region": "Western Sahara"
    },
    {
      "name": "Monaco",
      "latitude": 43.7396456879,
      "longitude": 7.40691317347,
      "region": "Monaco"
    },
    {
      "name": "Tarawa",
      "latitude": 1.33818750562,
      "longitude": 173.017570829,
      "region": "Kiribati"
    },
    {
      "name": "Moroni",
      "latitude": -11.7041576957,
      "longitude": 43.2402440987,
      "region": "Comoros"
    },
    {
      "name": "Macau",
      "latitude": 22.2029974558,
      "longitude": 113.54504838,
      "region": "China"
    },
    {
      "name": "Andorra",
      "latitude": 42.5000014435,
      "longitude": 1.51648596051,
      "region": "Andorra"
    },
    {
      "name": "San Bernardino",
      "latitude": 34.120383727,
      "longitude": -117.300034222,
      "region": "United States"
    },
    {
      "name": "Bridgeport",
      "latitude": 41.1799786571,
      "longitude": -73.1999611833,
      "region": "United States"
    },
    {
      "name": "Rochester",
      "latitude": 43.1704256379,
      "longitude": -77.6199497901,
      "region": "United States"
    },
    {
      "name": "Manchester",
      "latitude": 53.5004152619,
      "longitude": -2.24798710266,
      "region": "United Kingdom"
    },
    {
      "name": "Gujranwala",
      "latitude": 32.1604258413,
      "longitude": 74.1850219308,
      "region": "Pakistan"
    },
    {
      "name": "Incheon",
      "latitude": 37.4761478872,
      "longitude": 126.642233438,
      "region": "Korea, South"
    },
    {
      "name": "Benin City",
      "latitude": 6.34047731417,
      "longitude": 5.62000809594,
      "region": "Nigeria"
    },
    {
      "name": "Xiamen",
      "latitude": 24.4499920847,
      "longitude": 118.080017048,
      "region": "China"
    },
    {
      "name": "Nanchong",
      "latitude": 30.7804325552,
      "longitude": 106.12999711,
      "region": "China"
    },
    {
      "name": "Neijiang",
      "latitude": 29.5803766063,
      "longitude": 105.050011352,
      "region": "China"
    },
    {
      "name": "Nanyang",
      "latitude": 33.00040041,
      "longitude": 112.530019896,
      "region": "China"
    },
    {
      "name": "Jinxi",
      "latitude": 40.750340799,
      "longitude": 120.829978393,
      "region": "China"
    },
    {
      "name": "Yantai",
      "latitude": 37.5304081411,
      "longitude": 121.400021117,
      "region": "China"
    },
    {
      "name": "Zaozhuang",
      "latitude": 34.8800014435,
      "longitude": 117.570022338,
      "region": "China"
    },
    {
      "name": "Suzhou",
      "latitude": 31.3004783315,
      "longitude": 120.620017048,
      "region": "China"
    },
    {
      "name": "Xuzhou",
      "latitude": 34.2800122264,
      "longitude": 117.180020303,
      "region": "China"
    },
    {
      "name": "Wuxi",
      "latitude": 31.5799961538,
      "longitude": 120.299984903,
      "region": "China"
    },
    {
      "name": "Jilin",
      "latitude": 43.8499707225,
      "longitude": 126.550042683,
      "region": "China"
    },
    {
      "name": "Chandigarh",
      "latitude": 30.7199969676,
      "longitude": 76.7800056548,
      "region": "India"
    },
    {
      "name": "Jammu",
      "latitude": 32.7117875356,
      "longitude": 74.8467386463,
      "region": "India"
    },
    {
      "name": "Sholapur",
      "latitude": 17.6704059031,
      "longitude": 75.9000076893,
      "region": "India"
    },
    {
      "name": "Aurangabad",
      "latitude": 19.8956964304,
      "longitude": 75.3203014719,
      "region": "India"
    },
    {
      "name": "Nasik",
      "latitude": 20.0004187205,
      "longitude": 73.7799820545,
      "region": "India"
    },
    {
      "name": "Dispur",
      "latitude": 26.1440230499,
      "longitude": 91.7666361074,
      "region": "India"
    },
    {
      "name": "Jullundur",
      "latitude": 31.3349206736,
      "longitude": 75.5690201405,
      "region": "India"
    },
    {
      "name": "Allahabad",
      "latitude": 25.45499534,
      "longitude": 81.8400068755,
      "region": "India"
    },
    {
      "name": "Moradabad",
      "latitude": 28.8417911977,
      "longitude": 78.7567842193,
      "region": "India"
    },
    {
      "name": "Ghaziabad",
      "latitude": 28.6603810822,
      "longitude": 77.4083910715,
      "region": "India"
    },
    {
      "name": "Agra",
      "latitude": 27.1704203481,
      "longitude": 78.0150207102,
      "region": "India"
    },
    {
      "name": "Aligarh",
      "latitude": 27.8922109161,
      "longitude": 78.0617878814,
      "region": "India"
    },
    {
      "name": "Meerut",
      "latitude": 29.0004120066,
      "longitude": 77.7000011789,
      "region": "India"
    },
    {
      "name": "Dhanbad",
      "latitude": 23.8003934926,
      "longitude": 86.4199857167,
      "region": "India"
    },
    {
      "name": "Gwalior",
      "latitude": 26.229986795,
      "longitude": 78.1800752349,
      "region": "India"
    },
    {
      "name": "Vadodara",
      "latitude": 22.3100193471,
      "longitude": 73.1800186756,
      "region": "India"
    },
    {
      "name": "Rajkot",
      "latitude": 22.3100193471,
      "longitude": 70.80000891,
      "region": "India"
    },
    {
      "name": "Durazno",
      "latitude": -33.410016257,
      "longitude": -56.5100496843,
      "region": "Uruguay"
    },
    {
      "name": "International Falls",
      "latitude": 48.6011277457,
      "longitude": -93.4108463966,
      "region": "United States"
    },
    {
      "name": "St. Paul",
      "latitude": 44.9439866324,
      "longitude": -93.0849748146,
      "region": "United States"
    },
    {
      "name": "Billings",
      "latitude": 45.7883020214,
      "longitude": -108.540000449,
      "region": "United States"
    },
    {
      "name": "Great Falls",
      "latitude": 47.5002905468,
      "longitude": -111.299987022,
      "region": "United States"
    },
    {
      "name": "Missoula",
      "latitude": 46.8722410269,
      "longitude": -113.993052614,
      "region": "United States"
    },
    {
      "name": "Minot",
      "latitude": 48.2324939159,
      "longitude": -101.295817303,
      "region": "United States"
    },
    {
      "name": "Fargo",
      "latitude": 46.8772278026,
      "longitude": -96.7894257017,
      "region": "United States"
    },
    {
      "name": "Hilo",
      "latitude": 19.6999977813,
      "longitude": -155.090027305,
      "region": "United States"
    },
    {
      "name": "Olympia",
      "latitude": 47.0380448599,
      "longitude": -122.899434043,
      "region": "United States"
    },
    {
      "name": "Spokane",
      "latitude": 47.6699959504,
      "longitude": -117.419949383,
      "region": "United States"
    },
    {
      "name": "Vancouver",
      "latitude": 45.6303013296,
      "longitude": -122.639992515,
      "region": "United States"
    },
    {
      "name": "Flagstaff",
      "latitude": 35.1980957225,
      "longitude": -111.650508262,
      "region": "United States"
    },
    {
      "name": "Tucson",
      "latitude": 32.2049967641,
      "longitude": -110.889986208,
      "region": "United States"
    },
    {
      "name": "Santa Barbara",
      "latitude": 34.4349898468,
      "longitude": -119.71998987,
      "region": "United States"
    },
    {
      "name": "Fresno",
      "latitude": 36.7477168976,
      "longitude": -119.772984051,
      "region": "United States"
    },
    {
      "name": "Eureka",
      "latitude": 40.802223937,
      "longitude": -124.147497398,
      "region": "United States"
    },
    {
      "name": "Colorado Springs",
      "latitude": 38.8629624624,
      "longitude": -104.79198633,
      "region": "United States"
    },
    {
      "name": "Reno",
      "latitude": 39.5299760122,
      "longitude": -119.820009605,
      "region": "United States"
    },
    {
      "name": "Elko",
      "latitude": 40.8325063264,
      "longitude": -115.761988568,
      "region": "United States"
    },
    {
      "name": "Albuquerque",
      "latitude": 35.1049747915,
      "longitude": -106.641330812,
      "region": "United States"
    },
    {
      "name": "Salem",
      "latitude": 44.9280702912,
      "longitude": -123.02389673,
      "region": "United States"
    },
    {
      "name": "Casper",
      "latitude": 42.8666198924,
      "longitude": -106.312487835,
      "region": "United States"
    },
    {
      "name": "Topeka",
      "latitude": 39.0500053091,
      "longitude": -95.6699849871,
      "region": "United States"
    },
    {
      "name": "Kansas City",
      "latitude": 39.1070885098,
      "longitude": -94.6040942189,
      "region": "United States"
    },
    {
      "name": "Tulsa",
      "latitude": 36.1200032746,
      "longitude": -95.9300207944,
      "region": "United States"
    },
    {
      "name": "Sioux Falls",
      "latitude": 43.5499890331,
      "longitude": -96.7299978045,
      "region": "United States"
    },
    {
      "name": "Shreveport",
      "latitude": 32.5000175161,
      "longitude": -93.7700234393,
      "region": "United States"
    },
    {
      "name": "Baton Rouge",
      "latitude": 30.4579457794,
      "longitude": -91.1401581235,
      "region": "United States"
    },
    {
      "name": "Ft. Worth",
      "latitude": 32.7399770294,
      "longitude": -97.3400380877,
      "region": "United States"
    },
    {
      "name": "Corpus Christi",
      "latitude": 27.7428143504,
      "longitude": -97.4018947772,
      "region": "United States"
    },
    {
      "name": "Austin",
      "latitude": 30.2669496857,
      "longitude": -97.7427783628,
      "region": "United States"
    },
    {
      "name": "Amarillo",
      "latitude": 35.2299800812,
      "longitude": -101.829996584,
      "region": "United States"
    },
    {
      "name": "El Paso",
      "latitude": 31.7799839468,
      "longitude": -106.50999516,
      "region": "United States"
    },
    {
      "name": "Laredo",
      "latitude": 27.5061362905,
      "longitude": -99.507218467,
      "region": "United States"
    },
    {
      "name": "Merida",
      "latitude": 8.39998984673,
      "longitude": -71.1300100115,
      "region": "Venezuela"
    },
    {
      "name": "Burlington",
      "latitude": 44.4757981558,
      "longitude": -73.21246688,
      "region": "United States"
    },
    {
      "name": "Montgomery",
      "latitude": 32.3616021922,
      "longitude": -86.2791886818,
      "region": "United States"
    },
    {
      "name": "Tallahassee",
      "latitude": 30.4499876089,
      "longitude": -84.2800342221,
      "region": "United States"
    },
    {
      "name": "Orlando",
      "latitude": 28.509976826,
      "longitude": -81.3800303566,
      "region": "United States"
    },
    {
      "name": "Jacksonville",
      "latitude": 30.3300207713,
      "longitude": -81.6699868181,
      "region": "United States"
    },
    {
      "name": "Savannah",
      "latitude": 32.0211061798,
      "longitude": -81.1099951596,
      "region": "United States"
    },
    {
      "name": "Columbia",
      "latitude": 34.0399751984,
      "longitude": -80.8999821388,
      "region": "United States"
    },
    {
      "name": "Indianapolis",
      "latitude": 39.7499884227,
      "longitude": -86.1700480568,
      "region": "United States"
    },
    {
      "name": "Wilmington",
      "latitude": 34.2255194285,
      "longitude": -77.9450203875,
      "region": "United States"
    },
    {
      "name": "Knoxville",
      "latitude": 35.9700124298,
      "longitude": -83.9200303566,
      "region": "United States"
    },
    {
      "name": "Richmond",
      "latitude": 37.5500193472,
      "longitude": -77.4499860043,
      "region": "United States"
    },
    {
      "name": "Charleston",
      "latitude": 38.3497379751,
      "longitude": -81.6327281105,
      "region": "United States"
    },
    {
      "name": "Baltimore",
      "latitude": 39.2999900503,
      "longitude": -76.6199849871,
      "region": "United States"
    },
    {
      "name": "Syracuse",
      "latitude": 43.0499937124,
      "longitude": -76.1500136736,
      "region": "United States"
    },
    {
      "name": "Puerto Ayacucho",
      "latitude": 5.66390362439,
      "longitude": -67.6236090512,
      "region": "Venezuela"
    },
    {
      "name": "Port-of-Spain",
      "latitude": 10.6519970896,
      "longitude": -61.5170308854,
      "region": "Trinidad and Tobago"
    },
    {
      "name": "Augusta",
      "latitude": 44.3105627635,
      "longitude": -69.7799890561,
      "region": "United States"
    },
    {
      "name": "Sault Ste. Marie",
      "latitude": 46.4952614533,
      "longitude": -84.3452757179,
      "region": "United States"
    },
    {
      "name": "Atakpame",
      "latitude": 7.53004294731,
      "longitude": 1.12002437196,
      "region": "Togo"
    },
    {
      "name": "Sousse",
      "latitude": 35.8299951366,
      "longitude": 10.6250255927,
      "region": "Tunisia"
    },
    {
      "name": "Taizz",
      "latitude": 13.6044525339,
      "longitude": 44.0394201241,
      "region": "Yemen"
    },
    {
      "name": "Sitka",
      "latitude": 57.0603976917,
      "longitude": -135.327549429,
      "region": "United States"
    },
    {
      "name": "Lvov",
      "latitude": 49.8349800813,
      "longitude": 24.0299954821,
      "region": "Ukraine"
    },
    {
      "name": "Odessa",
      "latitude": 46.4900162954,
      "longitude": 30.7100011787,
      "region": "Ukraine"
    },
    {
      "name": "Zhytomyr",
      "latitude": 50.245575174,
      "longitude": 28.6621675199,
      "region": "Ukraine"
    },
    {
      "name": "Dnipropetrovsk",
      "latitude": 48.4799723501,
      "longitude": 35.0000235583,
      "region": "Ukraine"
    },
    {
      "name": "Donetsk",
      "latitude": 48.000001647,
      "longitude": 37.8299800199,
      "region": "Ukraine"
    },
    {
      "name": "Kharkiv",
      "latitude": 49.9999829296,
      "longitude": 36.250024779,
      "region": "Ukraine"
    },
    {
      "name": "Turkmenbasy",
      "latitude": 40.0230466909,
      "longitude": 52.9696760649,
      "region": "Turkmenistan"
    },
    {
      "name": "Bukhara",
      "latitude": 39.7800124299,
      "longitude": 64.4300101307,
      "region": "Uzbekistan"
    },
    {
      "name": "Nukus",
      "latitude": 42.4700032746,
      "longitude": 59.6150068755,
      "region": "Uzbekistan"
    },
    {
      "name": "Turkmenabat",
      "latitude": 39.110001647,
      "longitude": 63.5800361723,
      "region": "Turkmenistan"
    },
    {
      "name": "Mary",
      "latitude": 37.6000162954,
      "longitude": 61.8333210844,
      "region": "Turkmenistan"
    },
    {
      "name": "Andijon",
      "latitude": 40.7900024608,
      "longitude": 72.3399665923,
      "region": "Uzbekistan"
    },
    {
      "name": "Haiphong",
      "latitude": 20.8300063263,
      "longitude": 106.680092732,
      "region": "Vietnam"
    },
    {
      "name": "Da Nang",
      "latitude": 16.0600390818,
      "longitude": 108.249971068,
      "region": "Vietnam"
    },
    {
      "name": "Kabwe",
      "latitude": -14.4400113741,
      "longitude": 28.4499840889,
      "region": "Zambia"
    },
    {
      "name": "Mufulira",
      "latitude": -12.5499975394,
      "longitude": 28.2599698473,
      "region": "Zambia"
    },
    {
      "name": "Kitwe",
      "latitude": -12.8100333467,
      "longitude": 28.2200239652,
      "region": "Zambia"
    },
    {
      "name": "Livingstone",
      "latitude": -17.8600093396,
      "longitude": 25.8600129788,
      "region": "Zambia"
    },
    {
      "name": "Chitungwiza",
      "latitude": -18.0000007947,
      "longitude": 31.1000032132,
      "region": "Zimbabwe"
    },
    {
      "name": "Douala",
      "latitude": 4.06040976859,
      "longitude": 9.70999100611,
      "region": "Cameroon"
    },
    {
      "name": "Birmingham",
      "latitude": 52.4749739778,
      "longitude": -1.9199967869,
      "region": "United Kingdom"
    },
    {
      "name": "Belfast",
      "latitude": 54.6000122265,
      "longitude": -5.96003442527,
      "region": "United Kingdom"
    },
    {
      "name": "Izmir",
      "latitude": 38.4361496823,
      "longitude": 27.1517940105,
      "region": "Turkey"
    },
    {
      "name": "Bursa",
      "latitude": 40.1999867951,
      "longitude": 29.0699979235,
      "region": "Turkey"
    },
    {
      "name": "Samsun",
      "latitude": 41.2799983918,
      "longitude": 36.3436624743,
      "region": "Turkey"
    },
    {
      "name": "Konya",
      "latitude": 37.8750124299,
      "longitude": 32.4750097237,
      "region": "Turkey"
    },
    {
      "name": "Adana",
      "latitude": 36.9949886261,
      "longitude": 35.320004027,
      "region": "Turkey"
    },
    {
      "name": "Gulu",
      "latitude": 2.77999696748,
      "longitude": 32.2800345446,
      "region": "Uganda"
    },
    {
      "name": "Kigali",
      "latitude": -1.95359006868,
      "longitude": 30.0605317777,
      "region": "Rwanda"
    },
    {
      "name": "Cottica",
      "latitude": 3.85000917451,
      "longitude": -54.2332894303,
      "region": "Suriname"
    },
    {
      "name": "Cordoba",
      "latitude": 37.8799992056,
      "longitude": -4.77000370423,
      "region": "Kingdom of Spain"
    },
    {
      "name": "Maradi",
      "latitude": 13.4916428822,
      "longitude": 7.09640376652,
      "region": "Niger"
    },
    {
      "name": "Tahoua",
      "latitude": 14.8999806915,
      "longitude": 5.25992671573,
      "region": "Niger"
    },
    {
      "name": "Constanta",
      "latitude": 44.2026623729,
      "longitude": 28.6099743232,
      "region": "Romania"
    },
    {
      "name": "Luleå",
      "latitude": 65.5966347723,
      "longitude": 22.1583783294,
      "region": "Sweden"
    },
    {
      "name": "Sundsvall",
      "latitude": 62.4000529166,
      "longitude": 17.3166584866,
      "region": "Sweden"
    },
    {
      "name": "Iasi",
      "latitude": 47.1683469839,
      "longitude": 27.5749470609,
      "region": "Romania"
    },
    {
      "name": "Surat Thani",
      "latitude": 9.15009909966,
      "longitude": 99.3401273183,
      "region": "Thailand"
    },
    {
      "name": "Chiang Mai",
      "latitude": 18.7999751983,
      "longitude": 98.9800459381,
      "region": "Thailand"
    },
    {
      "name": "Nakhon Ratchasima",
      "latitude": 15.0000262644,
      "longitude": 102.100010538,
      "region": "Thailand"
    },
    {
      "name": "Mbabane",
      "latitude": -26.3166507784,
      "longitude": 31.1333345121,
      "region": "Swaziland"
    },
    {
      "name": "Piura",
      "latitude": -5.21003212598,
      "longitude": -80.6299727801,
      "region": "Peru"
    },
    {
      "name": "Arequipa",
      "latitude": -16.4199938773,
      "longitude": -71.5300114356,
      "region": "Peru"
    },
    {
      "name": "Chimbote",
      "latitude": -9.07000323602,
      "longitude": -78.5699951596,
      "region": "Peru"
    },
    {
      "name": "Pucallpa",
      "latitude": -8.36890907912,
      "longitude": -74.5349959734,
      "region": "Peru"
    },
    {
      "name": "Iquitos",
      "latitude": -3.75001788444,
      "longitude": -73.250009808,
      "region": "Peru"
    },
    {
      "name": "Huancayo",
      "latitude": -12.0800003877,
      "longitude": -75.2000199806,
      "region": "Peru"
    },
    {
      "name": "Ciudad del Este",
      "latitude": -25.5166996065,
      "longitude": -54.6160567643,
      "region": "Paraguay"
    },
    {
      "name": "Ponta Delgada",
      "latitude": 37.7483018179,
      "longitude": -25.6665834976,
      "region": "Portugal"
    },
    {
      "name": "Vigo",
      "latitude": 42.2200185334,
      "longitude": -8.72999454898,
      "region": "Kingdom of Spain"
    },
    {
      "name": "Bilbao",
      "latitude": 43.2499815054,
      "longitude": -2.92998681783,
      "region": "Kingdom of Spain"
    },
    {
      "name": "Kaolack",
      "latitude": 14.1499747914,
      "longitude": -16.1000098078,
      "region": "Senegal"
    },
    {
      "name": "Kaedi",
      "latitude": 16.1500077504,
      "longitude": -13.4999876317,
      "region": "Senegal"
    },
    {
      "name": "Geneina",
      "latitude": 13.450017516,
      "longitude": 22.4400150133,
      "region": "Sudan"
    },
    {
      "name": "Medina",
      "latitude": 24.499989033,
      "longitude": 39.5800023995,
      "region": "Saudi Arabia"
    },
    {
      "name": "Tabuk",
      "latitude": 28.3838346548,
      "longitude": 36.554967406,
      "region": "Saudi Arabia"
    },
    {
      "name": "Juba",
      "latitude": 4.82997519828,
      "longitude": 31.5800255928,
      "region": "South Sudan"
    },
    {
      "name": "Malakal",
      "latitude": 9.53689719537,
      "longitude": 31.6559899483,
      "region": "South Sudan"
    },
    {
      "name": "Omdurman",
      "latitude": 15.6166811309,
      "longitude": 32.4800223376,
      "region": "Sudan"
    },
    {
      "name": "El Obeid",
      "latitude": 13.1832896107,
      "longitude": 30.2166979561,
      "region": "Sudan"
    },
    {
      "name": "The Hague",
      "latitude": 52.080036844,
      "longitude": 4.26996130231,
      "region": "Kingdom of the Netherlands"
    },
    {
      "name": "Kristiansand",
      "latitude": 58.1666420686,
      "longitude": 8.00001786157,
      "region": "Kingdom of Norway"
    },
    {
      "name": "Ljubljana",
      "latitude": 46.0552883088,
      "longitude": 14.5149690335,
      "region": "Slovenia"
    },
    {
      "name": "Bratislava",
      "latitude": 48.15001833,
      "longitude": 17.1169807522,
      "region": "Slovakia"
    },
    {
      "name": "Hammerfest",
      "latitude": 70.6612799267,
      "longitude": 23.6880008532,
      "region": "Kingdom of Norway"
    },
    {
      "name": "Doha",
      "latitude": 25.2865560089,
      "longitude": 51.5329678943,
      "region": "Qatar"
    },
    {
      "name": "Quetta",
      "latitude": 30.2200016469,
      "longitude": 67.0249938546,
      "region": "Pakistan"
    },
    {
      "name": "Larkana",
      "latitude": 27.5617659699,
      "longitude": 68.2067821847,
      "region": "Pakistan"
    },
    {
      "name": "Springbok",
      "latitude": -29.666730531,
      "longitude": 17.8832905667,
      "region": "South Africa"
    },
    {
      "name": "Upington",
      "latitude": -28.4600341606,
      "longitude": 21.2300113512,
      "region": "South Africa"
    },
    {
      "name": "Worcester",
      "latitude": -33.6400280571,
      "longitude": 19.4399397366,
      "region": "South Africa"
    },
    {
      "name": "George",
      "latitude": -33.9500349744,
      "longitude": 22.4500402412,
      "region": "South Africa"
    },
    {
      "name": "Tete",
      "latitude": -16.1700349743,
      "longitude": 33.5800068753,
      "region": "Mozambique"
    },
    {
      "name": "Pemba",
      "latitude": -12.983046042,
      "longitude": 40.5323473702,
      "region": "Mozambique"
    },
    {
      "name": "Nampula",
      "latitude": -15.1360412406,
      "longitude": 39.2930431709,
      "region": "Mozambique"
    },
    {
      "name": "Welkom",
      "latitude": -27.9699865532,
      "longitude": 26.7299857165,
      "region": "South Africa"
    },
    {
      "name": "Xai-Xai",
      "latitude": -25.0399845186,
      "longitude": 33.6400032132,
      "region": "Mozambique"
    },
    {
      "name": "Goroka",
      "latitude": -6.08331215528,
      "longitude": 145.385482136,
      "region": "Papua New Guinea"
    },
    {
      "name": "Mt. Hagen",
      "latitude": -5.86322223015,
      "longitude": 144.21681962,
      "region": "Papua New Guinea"
    },
    {
      "name": "Rabaul",
      "latitude": -4.20549038525,
      "longitude": 152.143430725,
      "region": "Papua New Guinea"
    },
    {
      "name": "Lae",
      "latitude": -6.73298826205,
      "longitude": 146.990035359,
      "region": "Papua New Guinea"
    },
    {
      "name": "David",
      "latitude": 8.43332114556,
      "longitude": -82.4333252377,
      "region": "Panama"
    },
    {
      "name": "Oujda",
      "latitude": 34.6900130402,
      "longitude": -1.90997155904,
      "region": "Morocco"
    },
    {
      "name": "Safi",
      "latitude": 32.319976826,
      "longitude": -9.23998925926,
      "region": "Morocco"
    },
    {
      "name": "Podgorica",
      "latitude": 42.4659725129,
      "longitude": 19.2663069241,
      "region": "Montenegro"
    },
    {
      "name": "Quelimane",
      "latitude": -17.8800081189,
      "longitude": 36.8899857165,
      "region": "Mozambique"
    },
    {
      "name": "East London",
      "latitude": -32.9700431124,
      "longitude": 27.8700194893,
      "region": "South Africa"
    },
    {
      "name": "Middelburg",
      "latitude": -31.500003643,
      "longitude": 25.0099873441,
      "region": "South Africa"
    },
    {
      "name": "Naltchik",
      "latitude": 43.498105895,
      "longitude": 43.6179471423,
      "region": "Russia"
    },
    {
      "name": "Stavropol",
      "latitude": 45.0500008332,
      "longitude": 41.9800109444,
      "region": "Russia"
    },
    {
      "name": "Ugolnye Kopi",
      "latitude": 64.733295511,
      "longitude": 177.699995483,
      "region": "Russia"
    },
    {
      "name": "Kaliningrad",
      "latitude": 54.700006123,
      "longitude": 20.4973428942,
      "region": "Russia"
    },
    {
      "name": "Pskov",
      "latitude": 57.8299959504,
      "longitude": 28.3299397367,
      "region": "Russia"
    },
    {
      "name": "Bryansk",
      "latitude": 53.2599906607,
      "longitude": 34.4299808337,
      "region": "Russia"
    },
    {
      "name": "Smolensk",
      "latitude": 54.7826884146,
      "longitude": 32.04733557,
      "region": "Russia"
    },
    {
      "name": "Petrozavodsk",
      "latitude": 61.8499831331,
      "longitude": 34.2800158272,
      "region": "Russia"
    },
    {
      "name": "Tver",
      "latitude": 56.8599776399,
      "longitude": 35.8899950752,
      "region": "Russia"
    },
    {
      "name": "Vologda",
      "latitude": 59.2099892366,
      "longitude": 39.9199816475,
      "region": "Russia"
    },
    {
      "name": "Yaroslavl",
      "latitude": 57.6199829296,
      "longitude": 39.8700105375,
      "region": "Russia"
    },
    {
      "name": "Rostov",
      "latitude": 47.2346478466,
      "longitude": 39.7126558012,
      "region": "Russia"
    },
    {
      "name": "Sochi",
      "latitude": 43.5900124299,
      "longitude": 39.729967406,
      "region": "Russia"
    },
    {
      "name": "Krasnodar",
      "latitude": 45.019976826,
      "longitude": 39.0000377998,
      "region": "Russia"
    },
    {
      "name": "Penza",
      "latitude": 53.1800213817,
      "longitude": 44.9999816475,
      "region": "Russia"
    },
    {
      "name": "Ryazan",
      "latitude": 54.6199593293,
      "longitude": 39.7199938545,
      "region": "Russia"
    },
    {
      "name": "Voronezh",
      "latitude": 51.7299806916,
      "longitude": 39.2699954821,
      "region": "Russia"
    },
    {
      "name": "Magnitogorsk",
      "latitude": 53.4226939078,
      "longitude": 58.9800068754,
      "region": "Russia"
    },
    {
      "name": "Chelyabinsk",
      "latitude": 55.1549912711,
      "longitude": 61.438668171,
      "region": "Russia"
    },
    {
      "name": "Vorkuta",
      "latitude": 67.5000000195,
      "longitude": 64.009984089,
      "region": "Russia"
    },
    {
      "name": "Kirov",
      "latitude": 58.5900529166,
      "longitude": 49.6699808337,
      "region": "Russia"
    },
    {
      "name": "Nizhny Tagil",
      "latitude": 57.9200162955,
      "longitude": 59.9749849028,
      "region": "Russia"
    },
    {
      "name": "Astrakhan",
      "latitude": 46.3486554149,
      "longitude": 48.0549889718,
      "region": "Russia"
    },
    {
      "name": "Orenburg",
      "latitude": 51.7799776399,
      "longitude": 55.1100105375,
      "region": "Russia"
    },
    {
      "name": "Saratov",
      "latitude": 51.5799898469,
      "longitude": 46.029996296,
      "region": "Russia"
    },
    {
      "name": "Ulyanovsk",
      "latitude": 54.3299770295,
      "longitude": 48.4100060616,
      "region": "Russia"
    },
    {
      "name": "Omsk",
      "latitude": 54.9899884228,
      "longitude": 73.3999535715,
      "region": "Russia"
    },
    {
      "name": "Tyumen",
      "latitude": 57.1400122265,
      "longitude": 65.5299946684,
      "region": "Russia"
    },
    {
      "name": "Novokuznetsk",
      "latitude": 53.7500124299,
      "longitude": 87.1149820546,
      "region": "Russia"
    },
    {
      "name": "Kemerovo",
      "latitude": 55.3399670605,
      "longitude": 86.0899800201,
      "region": "Russia"
    },
    {
      "name": "Groznyy",
      "latitude": 43.3186853221,
      "longitude": 45.6986986885,
      "region": "Russia"
    },
    {
      "name": "Kandy",
      "latitude": 7.27998069145,
      "longitude": 80.670000772,
      "region": "Sri Lanka"
    },
    {
      "name": "Sri Jawewardenepura Kotte",
      "latitude": 6.90000388481,
      "longitude": 79.9499930409,
      "region": "Sri Lanka"
    },
    {
      "name": "Daejeon",
      "latitude": 36.3355456737,
      "longitude": 127.425028035,
      "region": "Korea, South"
    },
    {
      "name": "Gwangju",
      "latitude": 35.1709655955,
      "longitude": 126.910434122,
      "region": "Korea, South"
    },
    {
      "name": "Busan",
      "latitude": 35.0950529165,
      "longitude": 129.010047566,
      "region": "Korea, South"
    },
    {
      "name": "Zamboanga",
      "latitude": 6.91997682589,
      "longitude": 122.08003129,
      "region": "Philippines"
    },
    {
      "name": "Laoag",
      "latitude": 18.1988490997,
      "longitude": 120.593610391,
      "region": "Philippines"
    },
    {
      "name": "Baguio City",
      "latitude": 16.4299906606,
      "longitude": 120.569942585,
      "region": "Philippines"
    },
    {
      "name": "General Santos",
      "latitude": 6.11082724906,
      "longitude": 125.174726114,
      "region": "Philippines"
    },
    {
      "name": "Ust-Ulimsk",
      "latitude": 57.9899603466,
      "longitude": 102.633311319,
      "region": "Russia"
    },
    {
      "name": "Angarsk",
      "latitude": 52.5600075471,
      "longitude": 103.920002807,
      "region": "Russia"
    },
    {
      "name": "Abakan",
      "latitude": 53.7036845084,
      "longitude": 91.4450019928,
      "region": "Russia"
    },
    {
      "name": "Norilsk",
      "latitude": 69.3400169059,
      "longitude": 88.2249918202,
      "region": "Russia"
    },
    {
      "name": "Khatanga",
      "latitude": 72.0411440218,
      "longitude": 102.465001179,
      "region": "Russia"
    },
    {
      "name": "Kyzyl",
      "latitude": 51.7067004589,
      "longitude": 94.3830655507,
      "region": "Russia"
    },
    {
      "name": "Ulan Ude",
      "latitude": 51.8249878124,
      "longitude": 107.624996296,
      "region": "Russia"
    },
    {
      "name": "Blagoveshchensk",
      "latitude": 50.266607482,
      "longitude": 127.533341837,
      "region": "Russia"
    },
    {
      "name": "Bukachacha",
      "latitude": 52.9833408804,
      "longitude": 116.916625528,
      "region": "Russia"
    },
    {
      "name": "Dalnegorsk",
      "latitude": 44.5372155956,
      "longitude": 135.517247273,
      "region": "Russia"
    },
    {
      "name": "Ambarchik",
      "latitude": 69.6510056754,
      "longitude": 162.333594929,
      "region": "Russia"
    },
    {
      "name": "Batagay",
      "latitude": 67.6559853304,
      "longitude": 134.635027221,
      "region": "Russia"
    },
    {
      "name": "Chokurdakh",
      "latitude": 70.6183109733,
      "longitude": 147.89457963,
      "region": "Russia"
    },
    {
      "name": "Ust Nera",
      "latitude": 64.5665873404,
      "longitude": 143.199982462,
      "region": "Russia"
    },
    {
      "name": "Lensk",
      "latitude": 60.7252714225,
      "longitude": 114.947029988,
      "region": "Russia"
    },
    {
      "name": "Aldan",
      "latitude": 58.6029978629,
      "longitude": 125.389390014,
      "region": "Russia"
    },
    {
      "name": "Mirnyy",
      "latitude": 62.5400185335,
      "longitude": 113.961353718,
      "region": "Russia"
    },
    {
      "name": "Zhigansk",
      "latitude": 66.7697086783,
      "longitude": 123.371115274,
      "region": "Russia"
    },
    {
      "name": "Okhotsk",
      "latitude": 59.3830019319,
      "longitude": 143.217035684,
      "region": "Russia"
    },
    {
      "name": "Khabarovsk",
      "latitude": 48.4549867951,
      "longitude": 135.120010538,
      "region": "Russia"
    },
    {
      "name": "Okha",
      "latitude": 53.5738991487,
      "longitude": 142.947853149,
      "region": "Russia"
    },
    {
      "name": "Yuzhno Sakhalinsk",
      "latitude": 46.9649743846,
      "longitude": 142.740010538,
      "region": "Russia"
    },
    {
      "name": "Mexicali",
      "latitude": 32.6499825226,
      "longitude": -115.480016115,
      "region": "Mexico"
    },
    {
      "name": "La Paz",
      "latitude": 24.1399593292,
      "longitude": -110.31999516,
      "region": "Mexico"
    },
    {
      "name": "Torreon",
      "latitude": 25.5700529165,
      "longitude": -103.420002891,
      "region": "Mexico"
    },
    {
      "name": "Culiacan",
      "latitude": 24.8299947296,
      "longitude": -107.379967897,
      "region": "Mexico"
    },
    {
      "name": "Nogales",
      "latitude": 31.3050000193,
      "longitude": -110.94499577,
      "region": "Mexico"
    },
    {
      "name": "Hermosillo",
      "latitude": 29.0988814484,
      "longitude": -110.954064984,
      "region": "Mexico"
    },
    {
      "name": "Guaymas",
      "latitude": 27.9300122264,
      "longitude": -110.889986208,
      "region": "Mexico"
    },
    {
      "name": "San Luis Potosi",
      "latitude": 22.1699762156,
      "longitude": -100.999995567,
      "region": "Mexico"
    },
    {
      "name": "Matamoros",
      "latitude": 25.8799823191,
      "longitude": -97.5000024839,
      "region": "Mexico"
    },
    {
      "name": "Nuevo Laredo",
      "latitude": 27.499986795,
      "longitude": -99.5500065529,
      "region": "Mexico"
    },
    {
      "name": "Colima",
      "latitude": 19.2299747914,
      "longitude": -103.720010418,
      "region": "Mexico"
    },
    {
      "name": "Campeche",
      "latitude": 19.8299898468,
      "longitude": -90.4999904803,
      "region": "Mexico"
    },
    {
      "name": "Oaxaca",
      "latitude": 17.0826898386,
      "longitude": -96.6699497902,
      "region": "Mexico"
    },
    {
      "name": "Leon",
      "latitude": 21.149986795,
      "longitude": -101.700030357,
      "region": "Mexico"
    },
    {
      "name": "Maiduguri",
      "latitude": 11.849960143,
      "longitude": 13.1600129788,
      "region": "Nigeria"
    },
    {
      "name": "Port Harcourt",
      "latitude": 4.8100022572,
      "longitude": 7.01000077173,
      "region": "Nigeria"
    },
    {
      "name": "Makurdi",
      "latitude": 7.72997906385,
      "longitude": 8.53001135116,
      "region": "Nigeria"
    },
    {
      "name": "Ibadan",
      "latitude": 7.38002626437,
      "longitude": 3.92998205427,
      "region": "Nigeria"
    },
    {
      "name": "Ogbomosho",
      "latitude": 8.13000632622,
      "longitude": 4.23998897158,
      "region": "Nigeria"
    },
    {
      "name": "Warri",
      "latitude": 5.51995892224,
      "longitude": 5.75999955102,
      "region": "Nigeria"
    },
    {
      "name": "Kaduna",
      "latitude": 10.5200154815,
      "longitude": 7.44000036483,
      "region": "Nigeria"
    },
    {
      "name": "Gdansk",
      "latitude": 54.3599751985,
      "longitude": 18.6400402412,
      "region": "Poland"
    },
    {
      "name": "Kraków",
      "latitude": 50.0599792675,
      "longitude": 19.9600113512,
      "region": "Poland"
    },
    {
      "name": "Dalandzadgad",
      "latitude": 43.5835528758,
      "longitude": 104.440281127,
      "region": "Mongolia"
    },
    {
      "name": "Wonsan",
      "latitude": 39.1604895213,
      "longitude": 127.430815795,
      "region": "Korea, North"
    },
    {
      "name": "Sinuiju",
      "latitude": 40.0858593944,
      "longitude": 124.421283731,
      "region": "Korea, North"
    },
    {
      "name": "Dund-Us",
      "latitude": 48.0166414582,
      "longitude": 91.6332592356,
      "region": "Mongolia"
    },
    {
      "name": "Choybalsan",
      "latitude": 48.06658673,
      "longitude": 114.506023314,
      "region": "Mongolia"
    },
    {
      "name": "Lüderitz",
      "latitude": -26.6480000623,
      "longitude": 15.1594258206,
      "region": "Namibia"
    },
    {
      "name": "Walvis Bay",
      "latitude": -22.9575276501,
      "longitude": 14.5053055406,
      "region": "Namibia"
    },
    {
      "name": "Mwanza",
      "latitude": -2.52001544303,
      "longitude": 32.93002071,
      "region": "United Republic of Tanzania"
    },
    {
      "name": "Morogoro",
      "latitude": -6.82001137403,
      "longitude": 37.6600162341,
      "region": "United Republic of Tanzania"
    },
    {
      "name": "Dodoma",
      "latitude": -6.18330605177,
      "longitude": 35.7500036201,
      "region": "United Republic of Tanzania"
    },
    {
      "name": "Arusha",
      "latitude": -3.36001584993,
      "longitude": 36.6699991442,
      "region": "United Republic of Tanzania"
    },
    {
      "name": "Napier",
      "latitude": -39.4900068983,
      "longitude": 176.915030476,
      "region": "New Zealand"
    },
    {
      "name": "Manukau",
      "latitude": -36.9999780083,
      "longitude": 174.88497351,
      "region": "New Zealand"
    },
    {
      "name": "Hamilton",
      "latitude": -37.7700085259,
      "longitude": 175.300038614,
      "region": "New Zealand"
    },
    {
      "name": "Blenheim",
      "latitude": -41.5209940402,
      "longitude": 173.959241902,
      "region": "New Zealand"
    },
    {
      "name": "Dunedin",
      "latitude": -45.8799527804,
      "longitude": 170.479971069,
      "region": "New Zealand"
    },
    {
      "name": "Bern",
      "latitude": 46.9166827587,
      "longitude": 7.46697546248,
      "region": "Switzerland"
    },
    {
      "name": "Malmö",
      "latitude": 55.5833372183,
      "longitude": 13.0333023668,
      "region": "Sweden"
    },
    {
      "name": "Laayoune",
      "latitude": 27.1499823191,
      "longitude": -13.2000059422,
      "region": "Morocco"
    },
    {
      "name": "Ternate",
      "latitude": 0.7929606312,
      "longitude": 127.363016316,
      "region": "Indonesia"
    },
    {
      "name": "Ambon",
      "latitude": -3.71668658561,
      "longitude": 128.20001949,
      "region": "Indonesia"
    },
    {
      "name": "Raba",
      "latitude": -8.44998940138,
      "longitude": 118.766641804,
      "region": "Indonesia"
    },
    {
      "name": "Jayapura",
      "latitude": -2.53298622753,
      "longitude": 140.69998002,
      "region": "Indonesia"
    },
    {
      "name": "Florence",
      "latitude": 43.7800008332,
      "longitude": 11.2500003648,
      "region": "Italy"
    },
    {
      "name": "Catania",
      "latitude": 37.4999707225,
      "longitude": 15.0799991442,
      "region": "Italy"
    },
    {
      "name": "Pristina",
      "latitude": 42.6667096141,
      "longitude": 21.1659842516,
      "region": "Kosovo"
    },
    {
      "name": "Meru",
      "latitude": 0.05998211558,
      "longitude": 37.6400174548,
      "region": "Kenya"
    },
    {
      "name": "Eldoret",
      "latitude": 0.52000571584,
      "longitude": 35.2699812406,
      "region": "Kenya"
    },
    {
      "name": "Banda Aceh",
      "latitude": 5.5499829294,
      "longitude": 95.3200109446,
      "region": "Indonesia"
    },
    {
      "name": "George Town",
      "latitude": 5.41361315558,
      "longitude": 100.329367867,
      "region": "Malaysia"
    },
    {
      "name": "Zhangye",
      "latitude": 38.9299867951,
      "longitude": 100.450033731,
      "region": "China"
    },
    {
      "name": "Wuwei",
      "latitude": 37.9280066112,
      "longitude": 102.641011107,
      "region": "China"
    },
    {
      "name": "Dunhuang",
      "latitude": 40.1426776317,
      "longitude": 94.6620149322,
      "region": "China"
    },
    {
      "name": "Tianshui",
      "latitude": 34.6000185334,
      "longitude": 105.919984089,
      "region": "China"
    },
    {
      "name": "Dulan",
      "latitude": 36.1665895783,
      "longitude": 98.2666011139,
      "region": "China"
    },
    {
      "name": "Golmud",
      "latitude": 36.4166259959,
      "longitude": 94.8833450917,
      "region": "China"
    },
    {
      "name": "Yulin",
      "latitude": 22.6299739776,
      "longitude": 110.150010131,
      "region": "China"
    },
    {
      "name": "Bose",
      "latitude": 23.8997155955,
      "longitude": 106.613326781,
      "region": "China"
    },
    {
      "name": "Wuzhou",
      "latitude": 23.4800254506,
      "longitude": 111.320016234,
      "region": "China"
    },
    {
      "name": "Lupanshui",
      "latitude": 26.5944348338,
      "longitude": 104.833332071,
      "region": "China"
    },
    {
      "name": "Quanzhou",
      "latitude": 24.9000162954,
      "longitude": 118.579986531,
      "region": "China"
    },
    {
      "name": "Hefei",
      "latitude": 31.8500313507,
      "longitude": 117.2800142,
      "region": "China"
    },
    {
      "name": "Suzhou",
      "latitude": 33.6361111,
      "longitude": 116.9788889,
      "region": "China"
    },
    {
      "name": "Zhanjiang",
      "latitude": 21.1999837433,
      "longitude": 110.380021931,
      "region": "China"
    },
    {
      "name": "Shaoguan",
      "latitude": 24.7999707224,
      "longitude": 113.579981648,
      "region": "China"
    },
    {
      "name": "Balikpapan",
      "latitude": -1.25001544302,
      "longitude": 116.830015828,
      "region": "Indonesia"
    },
    {
      "name": "Kuching",
      "latitude": 1.52996990855,
      "longitude": 110.329999145,
      "region": "Malaysia"
    },
    {
      "name": "Antsiranana",
      "latitude": -12.2765015156,
      "longitude": 49.3115261042,
      "region": "Madagascar"
    },
    {
      "name": "Fianarantsoa",
      "latitude": -21.4333312797,
      "longitude": 47.0832653389,
      "region": "Madagascar"
    },
    {
      "name": "Mahajanga",
      "latitude": -15.6700138155,
      "longitude": 46.3450158272,
      "region": "Madagascar"
    },
    {
      "name": "Toliara",
      "latitude": -23.3568314425,
      "longitude": 43.6899840889,
      "region": "Madagascar"
    },
    {
      "name": "Surakarta",
      "latitude": -7.56497882195,
      "longitude": 110.825007689,
      "region": "Indonesia"
    },
    {
      "name": "Bandar Lampung",
      "latitude": -5.43001869825,
      "longitude": 105.269997924,
      "region": "Indonesia"
    },
    {
      "name": "Tanjungpandan",
      "latitude": -2.75002724316,
      "longitude": 107.650007689,
      "region": "Indonesia"
    },
    {
      "name": "Malang",
      "latitude": -7.97999224969,
      "longitude": 112.610015014,
      "region": "Indonesia"
    },
    {
      "name": "Kupang",
      "latitude": -10.1786694144,
      "longitude": 123.582988647,
      "region": "Indonesia"
    },
    {
      "name": "Parepare",
      "latitude": -4.01666827506,
      "longitude": 119.63330725,
      "region": "Indonesia"
    },
    {
      "name": "Cuenca",
      "latitude": -2.89999224967,
      "longitude": -78.9999947527,
      "region": "Ecuador"
    },
    {
      "name": "Santa Cruz",
      "latitude": -0.53331500357,
      "longitude": -90.3499996356,
      "region": "Ecuador"
    },
    {
      "name": "Puerto Limon",
      "latitude": 10.0000213816,
      "longitude": -83.0333402931,
      "region": "Costa Rica"
    },
    {
      "name": "Santiago de Cuba",
      "latitude": 20.0250167022,
      "longitude": -75.821325726,
      "region": "Cuba"
    },
    {
      "name": "Santiago",
      "latitude": 19.5000099884,
      "longitude": -70.6700122494,
      "region": "Dominican Republic"
    },
    {
      "name": "Manizales",
      "latitude": 5.05998699841,
      "longitude": -75.5200004493,
      "region": "Colombia"
    },
    {
      "name": "Pasto",
      "latitude": 1.21360679006,
      "longitude": -77.2811074236,
      "region": "Colombia"
    },
    {
      "name": "Barranquilla",
      "latitude": 10.959988626,
      "longitude": -74.79996688,
      "region": "Colombia"
    },
    {
      "name": "Roseau",
      "latitude": 15.3010156443,
      "longitude": -61.3870129818,
      "region": "Dominica"
    },
    {
      "name": "Mbandaka",
      "latitude": 0.04003501271,
      "longitude": 18.2600117581,
      "region": "Congo (Kinshasa)"
    },
    {
      "name": "Moundou",
      "latitude": 8.54998069146,
      "longitude": 16.0900150133,
      "region": "Chad"
    },
    {
      "name": "Suez",
      "latitude": 30.0049760122,
      "longitude": 32.5499405505,
      "region": "Egypt"
    },
    {
      "name": "Bur Said",
      "latitude": 31.2599898468,
      "longitude": 32.290008096,
      "region": "Egypt"
    },
    {
      "name": "El Faiyum",
      "latitude": 29.3100313507,
      "longitude": 30.8399674059,
      "region": "Egypt"
    },
    {
      "name": "Aswan",
      "latitude": 24.0875077504,
      "longitude": 32.8989114977,
      "region": "Egypt"
    },
    {
      "name": "Asyut",
      "latitude": 27.1899798777,
      "longitude": 31.179946654,
      "region": "Egypt"
    },
    {
      "name": "Kisangani",
      "latitude": 0.52000571584,
      "longitude": 25.2200003649,
      "region": "Congo (Kinshasa)"
    },
    {
      "name": "Assab",
      "latitude": 13.0100185333,
      "longitude": 42.7299910062,
      "region": "Eritrea"
    },
    {
      "name": "Djibouti",
      "latitude": 11.5950144643,
      "longitude": 43.1480016671,
      "region": "Djibouti"
    },
    {
      "name": "Dresden",
      "latitude": 51.0499705191,
      "longitude": 13.7500028063,
      "region": "Germany"
    },
    {
      "name": "Xigaze",
      "latitude": 29.2500091746,
      "longitude": 88.8833495676,
      "region": "China"
    },
    {
      "name": "Shache",
      "latitude": 38.4261415802,
      "longitude": 77.2500028065,
      "region": "China"
    },
    {
      "name": "Yining",
      "latitude": 43.9000193472,
      "longitude": 81.3500109445,
      "region": "China"
    },
    {
      "name": "Altay",
      "latitude": 47.8665989371,
      "longitude": 88.1166263417,
      "region": "China"
    },
    {
      "name": "Putrajaya",
      "latitude": 2.91401979462,
      "longitude": 101.70194698,
      "region": "Malaysia"
    },
    {
      "name": "Shizuishan",
      "latitude": 39.2332757762,
      "longitude": 106.769027872,
      "region": "China"
    },
    {
      "name": "Yulin",
      "latitude": 38.2833079214,
      "longitude": 109.733291381,
      "region": "China"
    },
    {
      "name": "Ankang",
      "latitude": 32.6799806916,
      "longitude": 109.020001586,
      "region": "China"
    },
    {
      "name": "Houma",
      "latitude": 35.6199821157,
      "longitude": 111.20999711,
      "region": "China"
    },
    {
      "name": "Yueyang",
      "latitude": 29.3800529165,
      "longitude": 113.100010945,
      "region": "China"
    },
    {
      "name": "Hengyang",
      "latitude": 26.8800246368,
      "longitude": 112.590016234,
      "region": "China"
    },
    {
      "name": "Mianyang",
      "latitude": 31.4699770294,
      "longitude": 104.769976765,
      "region": "China"
    },
    {
      "name": "Xichang",
      "latitude": 27.8800152781,
      "longitude": 102.299998331,
      "region": "China"
    },
    {
      "name": "Baoshan",
      "latitude": 25.1199770294,
      "longitude": 99.1500097239,
      "region": "China"
    },
    {
      "name": "Gejiu",
      "latitude": 23.3799798777,
      "longitude": 103.150075642,
      "region": "China"
    },
    {
      "name": "Shijianzhuang",
      "latitude": 38.0500146678,
      "longitude": 114.479978393,
      "region": "China"
    },
    {
      "name": "Handan",
      "latitude": 36.5799751984,
      "longitude": 114.479978393,
      "region": "China"
    },
    {
      "name": "Anshan",
      "latitude": 41.1150213817,
      "longitude": 122.940030476,
      "region": "China"
    },
    {
      "name": "Dalian",
      "latitude": 38.9228383932,
      "longitude": 121.629830838,
      "region": "China"
    },
    {
      "name": "Qingdao",
      "latitude": 36.0899792674,
      "longitude": 120.33000891,
      "region": "China"
    },
    {
      "name": "Linyi",
      "latitude": 35.0799892365,
      "longitude": 118.329975951,
      "region": "China"
    },
    {
      "name": "Huaiyin",
      "latitude": 33.5800032746,
      "longitude": 119.029984903,
      "region": "China"
    },
    {
      "name": "Wenzhou",
      "latitude": 28.019980895,
      "longitude": 120.650092732,
      "region": "China"
    },
    {
      "name": "Ningbo",
      "latitude": 29.8799707225,
      "longitude": 121.5500378,
      "region": "China"
    },
    {
      "name": "Fukuoka",
      "latitude": 33.5950152781,
      "longitude": 130.410013793,
      "region": "Japan"
    },
    {
      "name": "Miyazaki",
      "latitude": 31.9182442414,
      "longitude": 131.418376016,
      "region": "Japan"
    },
    {
      "name": "Naha",
      "latitude": 26.2071716502,
      "longitude": 127.672971557,
      "region": "Japan"
    },
    {
      "name": "Kochi",
      "latitude": 33.5624332876,
      "longitude": 133.537523152,
      "region": "Japan"
    },
    {
      "name": "Gorontalo",
      "latitude": 0.54997804657,
      "longitude": 123.07004838,
      "region": "Indonesia"
    },
    {
      "name": "Tongliao",
      "latitude": 43.6199589224,
      "longitude": 122.269993855,
      "region": "China"
    },
    {
      "name": "Hohhot",
      "latitude": 40.8199747915,
      "longitude": 111.659995482,
      "region": "China"
    },
    {
      "name": "Chifeng",
      "latitude": 42.2700154816,
      "longitude": 118.949989786,
      "region": "China"
    },
    {
      "name": "Ulanhot",
      "latitude": 46.0800154816,
      "longitude": 122.08003129,
      "region": "China"
    },
    {
      "name": "Hailar",
      "latitude": 49.1999800813,
      "longitude": 119.700021524,
      "region": "China"
    },
    {
      "name": "Jiamusi",
      "latitude": 46.8300213817,
      "longitude": 130.350017455,
      "region": "China"
    },
    {
      "name": "Beian",
      "latitude": 48.2390051464,
      "longitude": 126.482036498,
      "region": "China"
    },
    {
      "name": "Daqing",
      "latitude": 46.5799591259,
      "longitude": 125.000008096,
      "region": "China"
    },
    {
      "name": "Jixi",
      "latitude": 45.2999597362,
      "longitude": 130.97003129,
      "region": "China"
    },
    {
      "name": "Nagoya",
      "latitude": 35.154997578,
      "longitude": 136.914991414,
      "region": "Japan"
    },
    {
      "name": "Nagano",
      "latitude": 36.6499967642,
      "longitude": 138.170005248,
      "region": "Japan"
    },
    {
      "name": "Kushiro",
      "latitude": 42.9749595327,
      "longitude": 144.374691121,
      "region": "Japan"
    },
    {
      "name": "Hakodate",
      "latitude": 41.7949798778,
      "longitude": 140.739977579,
      "region": "Japan"
    },
    {
      "name": "Kyoto",
      "latitude": 35.0299922882,
      "longitude": 135.749997924,
      "region": "Japan"
    },
    {
      "name": "Sendai",
      "latitude": 38.2871061392,
      "longitude": 141.021717488,
      "region": "Japan"
    },
    {
      "name": "Sakata",
      "latitude": 38.9200390819,
      "longitude": 139.850057738,
      "region": "Japan"
    },
    {
      "name": "Bandundu",
      "latitude": -3.30999306347,
      "longitude": 17.3799621162,
      "region": "Congo (Kinshasa)"
    },
    {
      "name": "Kananga",
      "latitude": -5.89004229851,
      "longitude": 22.4000174547,
      "region": "Congo (Kinshasa)"
    },
    {
      "name": "Kasongo",
      "latitude": -4.45002683626,
      "longitude": 26.6600158271,
      "region": "Congo (Kinshasa)"
    },
    {
      "name": "Mbuji-Mayi",
      "latitude": -6.15002642937,
      "longitude": 23.599995889,
      "region": "Congo (Kinshasa)"
    },
    {
      "name": "Kalemie",
      "latitude": -5.93329547234,
      "longitude": 29.2000158272,
      "region": "Congo (Kinshasa)"
    },
    {
      "name": "Butembo",
      "latitude": 0.13000368133,
      "longitude": 29.2800109443,
      "region": "Congo (Kinshasa)"
    },
    {
      "name": "Goma",
      "latitude": -1.67879910092,
      "longitude": 29.2217868022,
      "region": "Congo (Kinshasa)"
    },
    {
      "name": "Mzuzu",
      "latitude": -11.4599865531,
      "longitude": 34.0199800199,
      "region": "Malawi"
    },
    {
      "name": "Blantyre",
      "latitude": -15.7900064913,
      "longitude": 34.989946654,
      "region": "Malawi"
    },
    {
      "name": "Quetzaltenango",
      "latitude": 14.8299591257,
      "longitude": -91.5200057391,
      "region": "Guatemala"
    },
    {
      "name": "Banjul",
      "latitude": 13.4538764603,
      "longitude": -16.5917014892,
      "region": "Gambia, The"
    },
    {
      "name": "Faridabad",
      "latitude": 28.4333333,
      "longitude": 77.3166667,
      "region": "India"
    },
    {
      "name": "Srinagar",
      "latitude": 34.0999715363,
      "longitude": 74.8150093169,
      "region": "India"
    },
    {
      "name": "Vijayawada",
      "latitude": 16.5199593292,
      "longitude": 80.6300032134,
      "region": "India"
    },
    {
      "name": "Thiruvananthapuram",
      "latitude": 8.49998374321,
      "longitude": 76.9500211171,
      "region": "India"
    },
    {
      "name": "Kochi",
      "latitude": 10.0150075469,
      "longitude": 76.2239155669,
      "region": "India"
    },
    {
      "name": "Cuttack",
      "latitude": 20.4700024607,
      "longitude": 85.8899405507,
      "region": "India"
    },
    {
      "name": "Hubli",
      "latitude": 15.3599784535,
      "longitude": 75.1250162342,
      "region": "India"
    },
    {
      "name": "Mangalore",
      "latitude": 12.9000252471,
      "longitude": 74.8499942616,
      "region": "India"
    },
    {
      "name": "Mysore",
      "latitude": 12.3099837432,
      "longitude": 76.660012979,
      "region": "India"
    },
    {
      "name": "Gulbarga",
      "latitude": 17.3499603464,
      "longitude": 76.8200032134,
      "region": "India"
    },
    {
      "name": "Kolhapur",
      "latitude": 16.7000000193,
      "longitude": 74.2200068755,
      "region": "India"
    },
    {
      "name": "Nanded",
      "latitude": 19.1699784535,
      "longitude": 77.300025593,
      "region": "India"
    },
    {
      "name": "Akola",
      "latitude": 20.7099878123,
      "longitude": 77.0100174549,
      "region": "India"
    },
    {
      "name": "Guwahati",
      "latitude": 26.1600169057,
      "longitude": 91.7699950754,
      "region": "India"
    },
    {
      "name": "Kayes",
      "latitude": -4.18001747754,
      "longitude": 13.2800056546,
      "region": "Congo (Brazzaville)"
    },
    {
      "name": "Franceville",
      "latitude": -1.63329954133,
      "longitude": 13.5832946357,
      "region": "Gabon"
    },
    {
      "name": "Bordeaux",
      "latitude": 44.8500130402,
      "longitude": -0.59501306294,
      "region": "French Republic"
    },
    {
      "name": "Marseille",
      "latitude": 43.289979064,
      "longitude": 5.37501013044,
      "region": "French Republic"
    },
    {
      "name": "Le Havre",
      "latitude": 49.5049743847,
      "longitude": 0.10497005067,
      "region": "French Republic"
    },
    {
      "name": "Gao",
      "latitude": 16.2665897817,
      "longitude": -0.05000756977,
      "region": "Mali"
    },
    {
      "name": "Coihaique",
      "latitude": -45.5699975396,
      "longitude": -72.0700043149,
      "region": "Chile"
    },
    {
      "name": "Arica",
      "latitude": -18.5000219535,
      "longitude": -70.2899837663,
      "region": "Chile"
    },
    {
      "name": "Copiapo",
      "latitude": -27.3599979464,
      "longitude": -70.3399807146,
      "region": "Chile"
    },
    {
      "name": "La Serena",
      "latitude": -29.8999979464,
      "longitude": -71.249976849,
      "region": "Chile"
    },
    {
      "name": "Los Angeles",
      "latitude": -37.4600016085,
      "longitude": -72.3599866147,
      "region": "Chile"
    },
    {
      "name": "Narsarsuaq",
      "latitude": 61.1665881542,
      "longitude": -45.4166182877,
      "region": "Denmark"
    },
    {
      "name": "Sisimiut",
      "latitude": 66.9500077506,
      "longitude": -53.6666056738,
      "region": "Denmark"
    },
    {
      "name": "Upernavik",
      "latitude": 72.7093666939,
      "longitude": -56.141675322,
      "region": "Denmark"
    },
    {
      "name": "Qaanaaq",
      "latitude": 77.4834733268,
      "longitude": -69.3322386085,
      "region": "Denmark"
    },
    {
      "name": "Nouadhibou",
      "latitude": 20.9000020538,
      "longitude": -17.0560238052,
      "region": "Mauritania"
    },
    {
      "name": "Kayes",
      "latitude": 14.4499823191,
      "longitude": -11.4400100112,
      "region": "Mali"
    },
    {
      "name": "Ayoun el Atrous",
      "latitude": 16.6665912058,
      "longitude": -9.61665877424,
      "region": "Mauritania"
    },
    {
      "name": "Segou",
      "latitude": 13.4399922882,
      "longitude": -6.26001611472,
      "region": "Mali"
    },
    {
      "name": "Skopje",
      "latitude": 42.0000061229,
      "longitude": 21.4334614651,
      "region": "Macedonia"
    },
    {
      "name": "Al Jawf",
      "latitude": 24.1999815053,
      "longitude": 23.2899889717,
      "region": "Libya"
    },
    {
      "name": "Tmassah",
      "latitude": 26.3666451202,
      "longitude": 15.8000068753,
      "region": "Libya"
    },
    {
      "name": "Misratah",
      "latitude": 32.3799731639,
      "longitude": 15.0999979235,
      "region": "Libya"
    },
    {
      "name": "Zuwarah",
      "latitude": 32.9344096059,
      "longitude": 12.079148721,
      "region": "Libya"
    },
    {
      "name": "Kirkuk",
      "latitude": 35.4722391958,
      "longitude": 44.3922668038,
      "region": "Iraq"
    },
    {
      "name": "Mosul",
      "latitude": 36.3450024608,
      "longitude": 43.145004434,
      "region": "Iraq"
    },
    {
      "name": "An Najaf",
      "latitude": 32.0003322541,
      "longitude": 44.3353710518,
      "region": "Iraq"
    },
    {
      "name": "Bahir Dar",
      "latitude": 11.6000529164,
      "longitude": 37.3832889392,
      "region": "Ethiopia"
    },
    {
      "name": "Mekele",
      "latitude": 13.499988626,
      "longitude": 39.4699832751,
      "region": "Ethiopia"
    },
    {
      "name": "Dire Dawa",
      "latitude": 9.58999472955,
      "longitude": 41.8600182686,
      "region": "Ethiopia"
    },
    {
      "name": "Rovaniemi",
      "latitude": 66.5000352164,
      "longitude": 25.7159390856,
      "region": "Finland"
    },
    {
      "name": "Vaasa",
      "latitude": 63.0999843538,
      "longitude": 21.6000146064,
      "region": "Finland"
    },
    {
      "name": "Tampere",
      "latitude": 61.5000044954,
      "longitude": 23.7500125719,
      "region": "Finland"
    },
    {
      "name": "Aqtobe",
      "latitude": 50.2800175162,
      "longitude": 57.169988158,
      "region": "Kazakhstan"
    },
    {
      "name": "Rudny",
      "latitude": 52.9526967561,
      "longitude": 63.1300377999,
      "region": "Kazakhstan"
    },
    {
      "name": "Qyzylorda",
      "latitude": 44.800016092,
      "longitude": 65.4649857166,
      "region": "Kazakhstan"
    },
    {
      "name": "Atyrau",
      "latitude": 47.1126914664,
      "longitude": 51.9200243722,
      "region": "Kazakhstan"
    },
    {
      "name": "Ekibastuz",
      "latitude": 51.7299806916,
      "longitude": 75.3199397368,
      "region": "Kazakhstan"
    },
    {
      "name": "Pavlodar",
      "latitude": 52.299997578,
      "longitude": 76.9500211171,
      "region": "Kazakhstan"
    },
    {
      "name": "Semey",
      "latitude": 50.4349951366,
      "longitude": 80.2750378,
      "region": "Kazakhstan"
    },
    {
      "name": "Oskemen",
      "latitude": 49.9900352164,
      "longitude": 82.6149466542,
      "region": "Kazakhstan"
    },
    {
      "name": "Yazd",
      "latitude": 31.9200529165,
      "longitude": 54.3700040271,
      "region": "Iran"
    },
    {
      "name": "Ahvaz",
      "latitude": 31.2799886261,
      "longitude": 48.7200129789,
      "region": "Iran"
    },
    {
      "name": "Basra",
      "latitude": 30.5135237824,
      "longitude": 47.8135566801,
      "region": "Iraq"
    },
    {
      "name": "Bandar-e-Abbas",
      "latitude": 27.2040597822,
      "longitude": 56.2721355436,
      "region": "Iran"
    },
    {
      "name": "Hamadan",
      "latitude": 34.796027241,
      "longitude": 48.515012572,
      "region": "Iran"
    },
    {
      "name": "Tabriz",
      "latitude": 38.0862915233,
      "longitude": 46.3012458891,
      "region": "Iran"
    },
    {
      "name": "Ludhiana",
      "latitude": 30.9277620636,
      "longitude": 75.8722574452,
      "region": "India"
    },
    {
      "name": "Kota",
      "latitude": 25.1799992055,
      "longitude": 75.8349987375,
      "region": "India"
    },
    {
      "name": "Jodhpur",
      "latitude": 26.2917659698,
      "longitude": 73.016772826,
      "region": "India"
    },
    {
      "name": "Shymkent",
      "latitude": 42.3200124299,
      "longitude": 69.5950178618,
      "region": "Kazakhstan"
    },
    {
      "name": "Taraz",
      "latitude": 42.8999770295,
      "longitude": 71.3649873442,
      "region": "Kazakhstan"
    },
    {
      "name": "Lucknow",
      "latitude": 26.8550390818,
      "longitude": 80.9149987375,
      "region": "India"
    },
    {
      "name": "Saharanpur",
      "latitude": 29.9700169057,
      "longitude": 77.5500361724,
      "region": "India"
    },
    {
      "name": "Ranchi",
      "latitude": 23.3700063263,
      "longitude": 85.3300264068,
      "region": "India"
    },
    {
      "name": "Bhagalpur",
      "latitude": 25.2299961538,
      "longitude": 86.9800032135,
      "region": "India"
    },
    {
      "name": "Raipur",
      "latitude": 21.2349945261,
      "longitude": 81.6350064686,
      "region": "India"
    },
    {
      "name": "Jabalpur",
      "latitude": 23.1750569855,
      "longitude": 79.9550573313,
      "region": "India"
    },
    {
      "name": "Indore",
      "latitude": 22.7150592234,
      "longitude": 75.8650227447,
      "region": "India"
    },
    {
      "name": "Pondicherry",
      "latitude": 11.9349937123,
      "longitude": 79.8300003651,
      "region": "India"
    },
    {
      "name": "Salem",
      "latitude": 11.6699969675,
      "longitude": 78.1800752349,
      "region": "India"
    },
    {
      "name": "Tiruchirappalli",
      "latitude": 10.8099977813,
      "longitude": 78.6899665923,
      "region": "India"
    },
    {
      "name": "Pointe-Noire",
      "latitude": -4.77000730502,
      "longitude": 11.8800394273,
      "region": "Congo (Brazzaville)"
    },
    {
      "name": "Kankan",
      "latitude": 10.3899975779,
      "longitude": -9.31001082502,
      "region": "Guinea"
    },
    {
      "name": "Nzerekore",
      "latitude": 7.76000307101,
      "longitude": -8.82998844546,
      "region": "Guinea"
    },
    {
      "name": "Bouake",
      "latitude": 7.68998150526,
      "longitude": -5.03001367331,
      "region": "Ivory Coast"
    },
    {
      "name": "St.-Denis",
      "latitude": -20.8788948376,
      "longitude": 55.4480777576,
      "region": "French Republic"
    },
    {
      "name": "Rio Branco",
      "latitude": -9.96658933629,
      "longitude": -67.8000065528,
      "region": "Brazil"
    },
    {
      "name": "São Luís",
      "latitude": -2.51598468131,
      "longitude": -44.2659908463,
      "region": "Brazil"
    },
    {
      "name": "Porto Velho",
      "latitude": -8.75002276727,
      "longitude": -63.9000120459,
      "region": "Brazil"
    },
    {
      "name": "Alvorada",
      "latitude": -12.4700024222,
      "longitude": -49.082001792,
      "region": "Brazil"
    },
    {
      "name": "Corumba",
      "latitude": -19.0160111299,
      "longitude": -57.6500059424,
      "region": "Brazil"
    },
    {
      "name": "Belo Horizonte",
      "latitude": -19.9150260225,
      "longitude": -43.9150045182,
      "region": "Brazil"
    },
    {
      "name": "Montes Claros",
      "latitude": -16.7200272432,
      "longitude": -43.8600207942,
      "region": "Brazil"
    },
    {
      "name": "Uberlandia",
      "latitude": -18.8999975394,
      "longitude": -48.2799835628,
      "region": "Brazil"
    },
    {
      "name": "Colider",
      "latitude": -10.8172867647,
      "longitude": -55.4505794694,
      "region": "Brazil"
    },
    {
      "name": "Alta Floresta",
      "latitude": -9.90003009149,
      "longitude": -55.9099829525,
      "region": "Brazil"
    },
    {
      "name": "Cuiaba",
      "latitude": -15.5696065075,
      "longitude": -56.0849851904,
      "region": "Brazil"
    },
    {
      "name": "Pelotas",
      "latitude": -31.7500142224,
      "longitude": -52.3300205908,
      "region": "Brazil"
    },
    {
      "name": "Caxias do Sul",
      "latitude": -29.1799902153,
      "longitude": -51.1700397152,
      "region": "Brazil"
    },
    {
      "name": "Ponta Grossa",
      "latitude": -25.0900073051,
      "longitude": -50.1600496842,
      "region": "Brazil"
    },
    {
      "name": "Teresina",
      "latitude": -5.0950003877,
      "longitude": -42.7800091975,
      "region": "Brazil"
    },
    {
      "name": "Maceio",
      "latitude": -9.6199955049,
      "longitude": -35.7299744075,
      "region": "Brazil"
    },
    {
      "name": "Vitoria da Conquista",
      "latitude": -14.8500121879,
      "longitude": -40.8399984147,
      "region": "Brazil"
    },
    {
      "name": "Barreiras",
      "latitude": -12.1399967256,
      "longitude": -45.0000028906,
      "region": "Brazil"
    },
    {
      "name": "Vila Velha",
      "latitude": -20.3676082165,
      "longitude": -40.3179889339,
      "region": "Brazil"
    },
    {
      "name": "Natal",
      "latitude": -5.78002317416,
      "longitude": -35.2400043147,
      "region": "Brazil"
    },
    {
      "name": "Thompson",
      "latitude": 55.749942036,
      "longitude": -97.8666209328,
      "region": "Canada"
    },
    {
      "name": "Brandon",
      "latitude": 49.833274759,
      "longitude": -99.9499821389,
      "region": "Canada"
    },
    {
      "name": "Fort Smith",
      "latitude": 60.0000185335,
      "longitude": -111.883336428,
      "region": "Canada"
    },
    {
      "name": "Fort McMurray",
      "latitude": 56.7333187043,
      "longitude": -111.383315269,
      "region": "Canada"
    },
    {
      "name": "Peace River",
      "latitude": 56.2333233837,
      "longitude": -117.283291058,
      "region": "Canada"
    },
    {
      "name": "Fort St. John",
      "latitude": 56.2499890331,
      "longitude": -120.833281089,
      "region": "Canada"
    },
    {
      "name": "Iqaluit",
      "latitude": 63.7504593789,
      "longitude": -68.5001917461,
      "region": "Canada"
    },
    {
      "name": "Cambridge Bay",
      "latitude": 69.1169555859,
      "longitude": -105.033315269,
      "region": "Canada"
    },
    {
      "name": "Kugluktuk",
      "latitude": 67.7986628236,
      "longitude": -115.125350423,
      "region": "Canada"
    },
    {
      "name": "Chesterfield Inlet",
      "latitude": 63.3382902213,
      "longitude": -90.7000816261,
      "region": "Canada"
    },
    {
      "name": "Arviat",
      "latitude": 61.1085921112,
      "longitude": -94.0586067183,
      "region": "Canada"
    },
    {
      "name": "Taloyoak",
      "latitude": 69.5333126009,
      "longitude": -93.5333195412,
      "region": "Canada"
    },
    {
      "name": "Igloolik",
      "latitude": 69.2565350612,
      "longitude": -81.7935921274,
      "region": "Canada"
    },
    {
      "name": "Dawson City",
      "latitude": 64.0666436962,
      "longitude": -139.416668744,
      "region": "Canada"
    },
    {
      "name": "Timmins",
      "latitude": 48.4665881542,
      "longitude": -81.3333148618,
      "region": "Canada"
    },
    {
      "name": "North Bay",
      "latitude": 46.3000020539,
      "longitude": -79.4499931251,
      "region": "Canada"
    },
    {
      "name": "Kuujjuarapik",
      "latitude": 55.2814951773,
      "longitude": -77.7658323585,
      "region": "Canada"
    },
    {
      "name": "Kuujjuaq",
      "latitude": 58.1000053092,
      "longitude": -68.3999957699,
      "region": "Canada"
    },
    {
      "name": "Sydney",
      "latitude": 46.0661145214,
      "longitude": -60.1799807145,
      "region": "Canada"
    },
    {
      "name": "Labrador City",
      "latitude": 52.9414312938,
      "longitude": -66.9158744727,
      "region": "Canada"
    },
    {
      "name": "Ebolowa",
      "latitude": 2.90001548147,
      "longitude": 11.1500064684,
      "region": "Cameroon"
    },
    {
      "name": "Bambari",
      "latitude": 5.76195965466,
      "longitude": 20.6672033271,
      "region": "Central African Republic"
    },
    {
      "name": "Venice",
      "latitude": 45.4386592805,
      "longitude": 12.3349987372,
      "region": "Italy"
    },
    {
      "name": "El Calafate",
      "latitude": -50.3333243625,
      "longitude": -72.300016115,
      "region": "Argentina"
    },
    {
      "name": "San Juan",
      "latitude": -31.5500264295,
      "longitude": -68.5199884457,
      "region": "Argentina"
    },
    {
      "name": "Rawson",
      "latitude": -43.3000068983,
      "longitude": -65.0999904802,
      "region": "Argentina"
    },
    {
      "name": "Neuquen",
      "latitude": -38.9500398572,
      "longitude": -68.0599906837,
      "region": "Argentina"
    },
    {
      "name": "Trinidad",
      "latitude": -14.8333723767,
      "longitude": -64.899976849,
      "region": "Bolivia"
    },
    {
      "name": "Santa Rosa",
      "latitude": -36.6200012016,
      "longitude": -64.2999876319,
      "region": "Argentina"
    },
    {
      "name": "San Carlos de Bariloche",
      "latitude": -41.1499572563,
      "longitude": -71.2999996355,
      "region": "Argentina"
    },
    {
      "name": "Salta",
      "latitude": -24.7833593559,
      "longitude": -65.4166378191,
      "region": "Argentina"
    },
    {
      "name": "Tucumán",
      "latitude": -26.8160001436,
      "longitude": -65.2166241879,
      "region": "Argentina"
    },
    {
      "name": "Formosa",
      "latitude": -26.1728352673,
      "longitude": -58.1828157975,
      "region": "Argentina"
    },
    {
      "name": "Santa Fe",
      "latitude": -31.6238720512,
      "longitude": -60.6900012631,
      "region": "Argentina"
    },
    {
      "name": "Rosario",
      "latitude": -32.9511295382,
      "longitude": -60.6663076188,
      "region": "Argentina"
    },
    {
      "name": "Campinas",
      "latitude": -22.900011781,
      "longitude": -47.1000297461,
      "region": "Brazil"
    },
    {
      "name": "Sorocaba",
      "latitude": -23.4900016085,
      "longitude": -47.4699813248,
      "region": "Brazil"
    },
    {
      "name": "Ribeirao Preto",
      "latitude": -21.1700398572,
      "longitude": -47.8299851904,
      "region": "Brazil"
    },
    {
      "name": "Petrolina",
      "latitude": -9.38001015334,
      "longitude": -40.5099668798,
      "region": "Brazil"
    },
    {
      "name": "Bamenda",
      "latitude": 5.9599837432,
      "longitude": 10.1500158271,
      "region": "Cameroon"
    },
    {
      "name": "Garoua",
      "latitude": 9.30001242974,
      "longitude": 13.3900247789,
      "region": "Cameroon"
    },
    {
      "name": "Herat",
      "latitude": 34.3300091746,
      "longitude": 62.1699930408,
      "region": "Afghanistan"
    },
    {
      "name": "Mazar-e Sharif",
      "latitude": 36.6999937124,
      "longitude": 67.1000280343,
      "region": "Afghanistan"
    },
    {
      "name": "Battambang",
      "latitude": 13.1000130401,
      "longitude": 103.200046752,
      "region": "Cambodia"
    },
    {
      "name": "Siem Reap",
      "latitude": 13.3666375925,
      "longitude": 103.850032917,
      "region": "Cambodia"
    },
    {
      "name": "Malanje",
      "latitude": -9.54000038772,
      "longitude": 16.3400255927,
      "region": "Angola"
    },
    {
      "name": "Benguela",
      "latitude": -12.5782645479,
      "longitude": 13.4072330309,
      "region": "Angola"
    },
    {
      "name": "Lubango",
      "latitude": -14.9100085258,
      "longitude": 13.4900186754,
      "region": "Angola"
    },
    {
      "name": "Namibe",
      "latitude": -15.1900431123,
      "longitude": 12.1600223375,
      "region": "Angola"
    },
    {
      "name": "Tarija",
      "latitude": -21.516685365,
      "longitude": -64.7499860043,
      "region": "Bolivia"
    },
    {
      "name": "Bridgetown",
      "latitude": 13.1020025828,
      "longitude": -59.6165267351,
      "region": "Barbados"
    },
    {
      "name": "Annaba",
      "latitude": 36.9200061229,
      "longitude": 7.75998083358,
      "region": "Algeria"
    },
    {
      "name": "Parakou",
      "latitude": 9.34000998833,
      "longitude": 2.6200361721,
      "region": "Benin"
    },
    {
      "name": "Porto-Novo",
      "latitude": 6.48331097302,
      "longitude": 2.61662552757,
      "region": "Benin"
    },
    {
      "name": "Constantine",
      "latitude": 36.3599886261,
      "longitude": 6.59994828149,
      "region": "Algeria"
    },
    {
      "name": "Brest",
      "latitude": 52.0999839468,
      "longitude": 23.6999897855,
      "region": "Belarus"
    },
    {
      "name": "Khulna",
      "latitude": 22.8399869985,
      "longitude": 89.5600007721,
      "region": "Bangladesh"
    },
    {
      "name": "Francistown",
      "latitude": -21.1700398572,
      "longitude": 27.500016234,
      "region": "Botswana"
    },
    {
      "name": "Mahalapye",
      "latitude": -23.099999574,
      "longitude": 26.8200060615,
      "region": "Botswana"
    },
    {
      "name": "Serowe",
      "latitude": -22.3900170707,
      "longitude": 26.7100386136,
      "region": "Botswana"
    },
    {
      "name": "Katherine",
      "latitude": -14.4666247367,
      "longitude": 132.266592976,
      "region": "Australia"
    },
    {
      "name": "Busselton",
      "latitude": -33.6564094861,
      "longitude": 115.348659219,
      "region": "Australia"
    },
    {
      "name": "Mandurah",
      "latitude": -32.5234825904,
      "longitude": 115.747056666,
      "region": "Australia"
    },
    {
      "name": "Broome",
      "latitude": -17.9617706935,
      "longitude": 122.230768103,
      "region": "Australia"
    },
    {
      "name": "Kalgoorlie",
      "latitude": -30.7353991508,
      "longitude": 121.460017455,
      "region": "Australia"
    },
    {
      "name": "Albany",
      "latitude": -35.0169465955,
      "longitude": 117.891604776,
      "region": "Australia"
    },
    {
      "name": "Port Hedland",
      "latitude": -20.310402406,
      "longitude": 118.606031453,
      "region": "Australia"
    },
    {
      "name": "Karratha",
      "latitude": -20.7303767712,
      "longitude": 116.870013386,
      "region": "Australia"
    },
    {
      "name": "Geraldton",
      "latitude": -28.7666304334,
      "longitude": 114.599971068,
      "region": "Australia"
    },
    {
      "name": "Griffith",
      "latitude": -34.2900142225,
      "longitude": 146.040015828,
      "region": "Australia"
    },
    {
      "name": "Orange",
      "latitude": -33.2799983533,
      "longitude": 149.099984089,
      "region": "Australia"
    },
    {
      "name": "Dubbo",
      "latitude": -32.2599572563,
      "longitude": 148.597327432,
      "region": "Australia"
    },
    {
      "name": "Armidale",
      "latitude": -30.5123119926,
      "longitude": 151.667475951,
      "region": "Australia"
    },
    {
      "name": "Broken Hill",
      "latitude": -31.949950339,
      "longitude": 141.433113565,
      "region": "Australia"
    },
    {
      "name": "Port Lincoln",
      "latitude": -34.7332429822,
      "longitude": 135.866579955,
      "region": "Australia"
    },
    {
      "name": "Whyalla",
      "latitude": -33.0250268364,
      "longitude": 137.561411905,
      "region": "Australia"
    },
    {
      "name": "Portland",
      "latitude": -38.339999574,
      "longitude": 141.590003214,
      "region": "Australia"
    },
    {
      "name": "Bendigo",
      "latitude": -36.7599926567,
      "longitude": 144.280019897,
      "region": "Australia"
    },
    {
      "name": "Wangaratta",
      "latitude": -36.3600170708,
      "longitude": 146.299999958,
      "region": "Australia"
    },
    {
      "name": "Windorah",
      "latitude": -25.4332421684,
      "longitude": 142.650196899,
      "region": "Australia"
    },
    {
      "name": "Mount Isa",
      "latitude": -20.7238655408,
      "longitude": 139.490028035,
      "region": "Australia"
    },
    {
      "name": "Rockhampton",
      "latitude": -23.3639111137,
      "longitude": 150.520000772,
      "region": "Australia"
    },
    {
      "name": "Cairns",
      "latitude": -16.8878398586,
      "longitude": 145.763330946,
      "region": "Australia"
    },
    {
      "name": "Gold Coast",
      "latitude": -28.081504294,
      "longitude": 153.448245808,
      "region": "Australia"
    },
    {
      "name": "Devonport",
      "latitude": -41.1926675654,
      "longitude": 146.331101744,
      "region": "Australia"
    },
    {
      "name": "Bobo Dioulasso",
      "latitude": 11.1799751983,
      "longitude": -4.28998132467,
      "region": "Burkina Faso"
    },
    {
      "name": "Rajshahi",
      "latitude": 24.3749837433,
      "longitude": 88.6050203033,
      "region": "Bangladesh"
    },
    {
      "name": "Mandalay",
      "latitude": 21.9699884226,
      "longitude": 96.0850288483,
      "region": "Myanmar"
    },
    {
      "name": "Sittwe",
      "latitude": 20.1399967641,
      "longitude": 92.8800048411,
      "region": "Myanmar"
    },
    {
      "name": "Bujumbura",
      "latitude": -3.37608722037,
      "longitude": 29.3600060615,
      "region": "Burundi"
    },
    {
      "name": "Pago Pago",
      "latitude": -14.2766104952,
      "longitude": -170.706645144,
      "region": "United States"
    },
    {
      "name": "Kingstown",
      "latitude": 13.1482788279,
      "longitude": -61.2120624203,
      "region": "Saint Vincent and the Grenadines"
    },
    {
      "name": "Castries",
      "latitude": 14.0019734893,
      "longitude": -61.0000081804,
      "region": "Saint Lucia"
    },
    {
      "name": "Basseterre",
      "latitude": 17.3020304555,
      "longitude": -62.7170093197,
      "region": "Saint Kitts and Nevis"
    },
    {
      "name": "Las Palmas",
      "latitude": 28.0999760122,
      "longitude": -15.4299990249,
      "region": "Kingdom of Spain"
    },
    {
      "name": "Berbera",
      "latitude": 10.4355503529,
      "longitude": 45.016414753,
      "region": "Somaliland"
    },
    {
      "name": "Port Louis",
      "latitude": -20.1666385714,
      "longitude": 57.4999938546,
      "region": "Mauritius"
    },
    {
      "name": "Gaza",
      "latitude": 31.5299992055,
      "longitude": 34.4450186755,
      "region": "Indeterminate"
    },
    {
      "name": "Saint George's",
      "latitude": 12.0526334017,
      "longitude": -61.7416432261,
      "region": "Grenada"
    },
    {
      "name": "Papeete",
      "latitude": -17.5333626111,
      "longitude": -149.566669354,
      "region": "French Republic"
    },
    {
      "name": "Manama",
      "latitude": 26.2361362905,
      "longitude": 50.5830517159,
      "region": "Bahrain"
    },
    {
      "name": "Freeport",
      "latitude": 26.5332757762,
      "longitude": -78.7000130633,
      "region": "Bahamas, The"
    },
    {
      "name": "Saint John's",
      "latitude": 17.1180365183,
      "longitude": -61.8500338151,
      "region": "Antigua and Barbuda"
    },
    {
      "name": "Taichung",
      "latitude": 24.1520774526,
      "longitude": 120.681667032,
      "region": "Taiwan"
    },
    {
      "name": "Kozhikode",
      "latitude": 11.2504360137,
      "longitude": 75.7699897857,
      "region": "India"
    },
    {
      "name": "Bhubaneshwar",
      "latitude": 20.2704280792,
      "longitude": 85.8273603912,
      "region": "India"
    },
    {
      "name": "Jamshedpur",
      "latitude": 22.7875354197,
      "longitude": 86.1975186757,
      "region": "India"
    },
    {
      "name": "Montevideo",
      "latitude": -34.8580415662,
      "longitude": -56.1710522884,
      "region": "Uruguay"
    },
    {
      "name": "Helena",
      "latitude": 46.5927490428,
      "longitude": -112.035290977,
      "region": "United States"
    },
    {
      "name": "Bismarck",
      "latitude": 46.8083172802,
      "longitude": -100.783316286,
      "region": "United States"
    },
    {
      "name": "Boise",
      "latitude": 43.6085901073,
      "longitude": -116.22748987,
      "region": "United States"
    },
    {
      "name": "San Jose",
      "latitude": 37.2999829295,
      "longitude": -121.849989056,
      "region": "United States"
    },
    {
      "name": "Sacramento",
      "latitude": 38.5750213817,
      "longitude": -121.470038088,
      "region": "United States"
    },
    {
      "name": "Las Vegas",
      "latitude": 36.2099977814,
      "longitude": -115.220006146,
      "region": "United States"
    },
    {
      "name": "Santa Fe",
      "latitude": 35.6869289338,
      "longitude": -105.937239422,
      "region": "United States"
    },
    {
      "name": "Portland",
      "latitude": 45.5200238231,
      "longitude": -122.679990074,
      "region": "United States"
    },
    {
      "name": "Salt Lake City",
      "latitude": 40.7750162954,
      "longitude": -111.930051922,
      "region": "United States"
    },
    {
      "name": "Cheyenne",
      "latitude": 41.1400069367,
      "longitude": -104.819710736,
      "region": "United States"
    },
    {
      "name": "Des Moines",
      "latitude": 41.5799800812,
      "longitude": -93.6199809181,
      "region": "United States"
    },
    {
      "name": "Omaha",
      "latitude": 41.2400008332,
      "longitude": -96.0099900734,
      "region": "United States"
    },
    {
      "name": "Oklahoma City",
      "latitude": 35.4700429474,
      "longitude": -97.5186835142,
      "region": "United States"
    },
    {
      "name": "Pierre",
      "latitude": 44.3683370148,
      "longitude": -100.350552004,
      "region": "United States"
    },
    {
      "name": "San Antonio",
      "latitude": 29.4873331899,
      "longitude": -98.5073053404,
      "region": "United States"
    },
    {
      "name": "San Cristobal",
      "latitude": 7.77000246066,
      "longitude": -72.2499674903,
      "region": "Venezuela"
    },
    {
      "name": "Valencia",
      "latitude": 10.2299815053,
      "longitude": -67.9800214047,
      "region": "Venezuela"
    },
    {
      "name": "Jackson",
      "latitude": 32.298815327,
      "longitude": -90.1849967873,
      "region": "United States"
    },
    {
      "name": "Raleigh",
      "latitude": 35.8187813507,
      "longitude": -78.6446934425,
      "region": "United States"
    },
    {
      "name": "Cleveland",
      "latitude": 41.4699867951,
      "longitude": -81.6949982114,
      "region": "United States"
    },
    {
      "name": "Cincinnati",
      "latitude": 39.161884785,
      "longitude": -84.4569226499,
      "region": "United States"
    },
    {
      "name": "Nashville",
      "latitude": 36.1699743846,
      "longitude": -86.7799849871,
      "region": "United States"
    },
    {
      "name": "Memphis",
      "latitude": 35.1199867951,
      "longitude": -89.9999951597,
      "region": "United States"
    },
    {
      "name": "Norfolk",
      "latitude": 36.8499587189,
      "longitude": -76.280005739,
      "region": "United States"
    },
    {
      "name": "Milwaukee",
      "latitude": 43.0526550487,
      "longitude": -87.9199670835,
      "region": "United States"
    },
    {
      "name": "Buffalo",
      "latitude": 42.8799782502,
      "longitude": -78.8800020769,
      "region": "United States"
    },
    {
      "name": "Pittsburgh",
      "latitude": 40.4299985952,
      "longitude": -79.999985394,
      "region": "United States"
    },
    {
      "name": "Ciudad Guayana",
      "latitude": 8.370017516,
      "longitude": -62.6199868181,
      "region": "Venezuela"
    },
    {
      "name": "Lome",
      "latitude": 6.13193707166,
      "longitude": 1.22275711936,
      "region": "Togo"
    },
    {
      "name": "Tunis",
      "latitude": 36.8027781362,
      "longitude": 10.1796780992,
      "region": "Tunisia"
    },
    {
      "name": "Kodiak",
      "latitude": 57.7899983918,
      "longitude": -152.406986941,
      "region": "United States"
    },
    {
      "name": "Cold Bay",
      "latitude": 55.2000014436,
      "longitude": -162.715091595,
      "region": "United States"
    },
    {
      "name": "Bethel",
      "latitude": 60.7933034456,
      "longitude": -161.755796145,
      "region": "United States"
    },
    {
      "name": "Point Hope",
      "latitude": 68.347726053,
      "longitude": -166.808020062,
      "region": "United States"
    },
    {
      "name": "Barrow",
      "latitude": 71.290569681,
      "longitude": -156.788579958,
      "region": "United States"
    },
    {
      "name": "Nome",
      "latitude": 64.5061000764,
      "longitude": -165.406374351,
      "region": "United States"
    },
    {
      "name": "Valdez",
      "latitude": 61.1359957063,
      "longitude": -146.348286989,
      "region": "United States"
    },
    {
      "name": "Juneau",
      "latitude": 58.3141266064,
      "longitude": -134.419996991,
      "region": "United States"
    },
    {
      "name": "Fairbanks",
      "latitude": 64.8369842724,
      "longitude": -147.710658612,
      "region": "United States"
    },
    {
      "name": "Prudhoe Bay",
      "latitude": 70.2921810091,
      "longitude": -148.669359784,
      "region": "United States"
    },
    {
      "name": "Sevastapol",
      "latitude": 44.5999766226,
      "longitude": 33.4649751371,
      "region": "Ukraine"
    },
    {
      "name": "Abu Dhabi",
      "latitude": 24.4666835724,
      "longitude": 54.3665933826,
      "region": "United Arab Emirates"
    },
    {
      "name": "Ashgabat",
      "latitude": 37.9499949331,
      "longitude": 58.3832991118,
      "region": "Turkmenistan"
    },
    {
      "name": "Samarqand",
      "latitude": 39.6700191437,
      "longitude": 66.9449987375,
      "region": "Uzbekistan"
    },
    {
      "name": "Lusaka",
      "latitude": -15.4166442679,
      "longitude": 28.2833275947,
      "region": "Zambia"
    },
    {
      "name": "Harare",
      "latitude": -17.8177896944,
      "longitude": 31.0447094307,
      "region": "Zimbabwe"
    },
    {
      "name": "Bulawayo",
      "latitude": -20.1699975395,
      "longitude": 28.5800019925,
      "region": "Zimbabwe"
    },
    {
      "name": "Dili",
      "latitude": -8.55938840855,
      "longitude": 125.579455932,
      "region": "East Timor"
    },
    {
      "name": "Port Vila",
      "latitude": -17.733350404,
      "longitude": 168.316640584,
      "region": "Vanuatu"
    },
    {
      "name": "Tegucigalpa",
      "latitude": 14.1020449005,
      "longitude": -87.2175293393,
      "region": "Honduras"
    },
    {
      "name": "Georgetown",
      "latitude": 6.80197369275,
      "longitude": -58.1670286475,
      "region": "Guyana"
    },
    {
      "name": "Reykjavík",
      "latitude": 64.1500236197,
      "longitude": -21.9500144872,
      "region": "Iceland"
    },
    {
      "name": "Port-au-Prince",
      "latitude": 18.5410245961,
      "longitude": -72.3360345883,
      "region": "Haiti"
    },
    {
      "name": "Glasgow",
      "latitude": 55.8744047232,
      "longitude": -4.25070723613,
      "region": "United Kingdom"
    },
    {
      "name": "Kampala",
      "latitude": 0.31665895477,
      "longitude": 32.5833235257,
      "region": "Uganda"
    },
    {
      "name": "Aden",
      "latitude": 12.7797225128,
      "longitude": 45.0094901111,
      "region": "Yemen"
    },
    {
      "name": "Paramaribo",
      "latitude": 5.83503012992,
      "longitude": -55.1670308854,
      "region": "Suriname"
    },
    {
      "name": "Seville",
      "latitude": 37.4050152782,
      "longitude": -5.98000736635,
      "region": "Kingdom of Spain"
    },
    {
      "name": "Zinder",
      "latitude": 13.7999961537,
      "longitude": 8.98331701522,
      "region": "Niger"
    },
    {
      "name": "Niamey",
      "latitude": 13.5167059519,
      "longitude": 2.11665604514,
      "region": "Niger"
    },
    {
      "name": "Port Sudan",
      "latitude": 19.6157910349,
      "longitude": 37.2164257393,
      "region": "Sudan"
    },
    {
      "name": "Dushanbe",
      "latitude": 38.5600352163,
      "longitude": 68.7738793527,
      "region": "Tajikistan"
    },
    {
      "name": "Cusco",
      "latitude": -13.5250284639,
      "longitude": -71.9721549903,
      "region": "Peru"
    },
    {
      "name": "Tacna",
      "latitude": -18.0000007947,
      "longitude": -70.250012046,
      "region": "Peru"
    },
    {
      "name": "Trujillo",
      "latitude": -8.1200353812,
      "longitude": -79.0199676938,
      "region": "Peru"
    },
    {
      "name": "Ica",
      "latitude": -14.067992738,
      "longitude": -75.7254917823,
      "region": "Peru"
    },
    {
      "name": "Asuncion",
      "latitude": -25.2964029757,
      "longitude": -57.6415051693,
      "region": "Paraguay"
    },
    {
      "name": "Managua",
      "latitude": 12.1530165801,
      "longitude": -86.2684916603,
      "region": "Nicaragua"
    },
    {
      "name": "Freetown",
      "latitude": 8.47001141249,
      "longitude": -13.2342157404,
      "region": "Sierra Leone"
    },
    {
      "name": "Agadez",
      "latitude": 16.9958734324,
      "longitude": 7.98280960962,
      "region": "Niger"
    },
    {
      "name": "Niyala",
      "latitude": 12.0599731638,
      "longitude": 24.8899946683,
      "region": "Sudan"
    },
    {
      "name": "Wau",
      "latitude": 7.6999808949,
      "longitude": 27.9899604886,
      "region": "South Sudan"
    },
    {
      "name": "Dongola",
      "latitude": 19.1665936472,
      "longitude": 30.4832966703,
      "region": "Sudan"
    },
    {
      "name": "Kassala",
      "latitude": 15.45997235,
      "longitude": 36.3900162341,
      "region": "Sudan"
    },
    {
      "name": "Tromsø",
      "latitude": 69.635076227,
      "longitude": 18.9920252458,
      "region": "Kingdom of Norway"
    },
    {
      "name": "Trondheim",
      "latitude": 63.4166575309,
      "longitude": 10.4166662177,
      "region": "Kingdom of Norway"
    },
    {
      "name": "Bergen",
      "latitude": 60.3910024202,
      "longitude": 5.32452225609,
      "region": "Kingdom of Norway"
    },
    {
      "name": "Islamabad",
      "latitude": 33.6999959503,
      "longitude": 73.1666344797,
      "region": "Pakistan"
    },
    {
      "name": "Multan",
      "latitude": 30.1999770294,
      "longitude": 71.4550076893,
      "region": "Pakistan"
    },
    {
      "name": "Hyderabad",
      "latitude": 25.3799869985,
      "longitude": 68.3749889718,
      "region": "Pakistan"
    },
    {
      "name": "Peshawar",
      "latitude": 34.0050160919,
      "longitude": 71.5350028065,
      "region": "Pakistan"
    },
    {
      "name": "Kathmandu",
      "latitude": 27.7166919139,
      "longitude": 85.3166422108,
      "region": "Nepal"
    },
    {
      "name": "Nacala",
      "latitude": -14.5186112276,
      "longitude": 40.7150235583,
      "region": "Mozambique"
    },
    {
      "name": "Bloemfontein",
      "latitude": -29.1199938774,
      "longitude": 26.2299128812,
      "region": "South Africa"
    },
    {
      "name": "Pretoria",
      "latitude": -25.7069205538,
      "longitude": 28.2294290758,
      "region": "South Africa"
    },
    {
      "name": "Port Moresby",
      "latitude": -9.46470782587,
      "longitude": 147.192503621,
      "region": "Papua New Guinea"
    },
    {
      "name": "Honiara",
      "latitude": -9.43799429509,
      "longitude": 159.949765734,
      "region": "Solomon Islands"
    },
    {
      "name": "Panama City",
      "latitude": 8.96801719048,
      "longitude": -79.5330371518,
      "region": "Panama"
    },
    {
      "name": "Fez",
      "latitude": 34.0545996287,
      "longitude": -5.00037723939,
      "region": "Morocco"
    },
    {
      "name": "Rabat",
      "latitude": 34.0252990916,
      "longitude": -6.83613082013,
      "region": "Morocco"
    },
    {
      "name": "Marrakesh",
      "latitude": 31.629993102,
      "longitude": -7.9999874282,
      "region": "Morocco"
    },
    {
      "name": "Chisinau",
      "latitude": 47.0050236197,
      "longitude": 28.8577111397,
      "region": "Moldova"
    },
    {
      "name": "Beira",
      "latitude": -19.82004474,
      "longitude": 34.8700056546,
      "region": "Mozambique"
    },
    {
      "name": "Port Elizabeth",
      "latitude": -33.9700337537,
      "longitude": 25.600028848,
      "region": "South Africa"
    },
    {
      "name": "Maputo",
      "latitude": -25.9552774874,
      "longitude": 32.5891629626,
      "region": "Mozambique"
    },
    {
      "name": "Tomsk",
      "latitude": 56.4949869986,
      "longitude": 84.975009317,
      "region": "Russia"
    },
    {
      "name": "Anadyr",
      "latitude": 64.7369903759,
      "longitude": 177.474996296,
      "region": "Russia"
    },
    {
      "name": "Murmansk",
      "latitude": 68.9699878125,
      "longitude": 33.1000361722,
      "region": "Russia"
    },
    {
      "name": "Archangel",
      "latitude": 64.5749589225,
      "longitude": 40.5450080961,
      "region": "Russia"
    },
    {
      "name": "Nizhny Novgorod",
      "latitude": 56.3330072216,
      "longitude": 44.0000943591,
      "region": "Russia"
    },
    {
      "name": "Volgograd",
      "latitude": 48.7100099885,
      "longitude": 44.4999604887,
      "region": "Russia"
    },
    {
      "name": "Ufa",
      "latitude": 54.7899747916,
      "longitude": 56.0400312895,
      "region": "Russia"
    },
    {
      "name": "Yekaterinburg",
      "latitude": 56.8500299267,
      "longitude": 60.5999596749,
      "region": "Russia"
    },
    {
      "name": "Samara",
      "latitude": 53.1950075471,
      "longitude": 50.1512951241,
      "region": "Russia"
    },
    {
      "name": "Kazan",
      "latitude": 55.749942036,
      "longitude": 49.126344766,
      "region": "Russia"
    },
    {
      "name": "Surgut",
      "latitude": 61.2599416292,
      "longitude": 73.4250166411,
      "region": "Russia"
    },
    {
      "name": "Barnaul",
      "latitude": 53.3549977815,
      "longitude": 83.7450068755,
      "region": "Russia"
    },
    {
      "name": "Novosibirsk",
      "latitude": 55.0299601431,
      "longitude": 82.960041869,
      "region": "Russia"
    },
    {
      "name": "Mogadishu",
      "latitude": 2.06668133433,
      "longitude": 45.3666776111,
      "region": "Somalia"
    },
    {
      "name": "Muscat",
      "latitude": 23.6133248077,
      "longitude": 58.5933121326,
      "region": "Oman"
    },
    {
      "name": "Colombo",
      "latitude": 6.93196575818,
      "longitude": 79.8577506093,
      "region": "Sri Lanka"
    },
    {
      "name": "Cebu",
      "latitude": 10.3199760121,
      "longitude": 123.900075235,
      "region": "Philippines"
    },
    {
      "name": "Iloilo",
      "latitude": 10.7050429473,
      "longitude": 122.545015828,
      "region": "Philippines"
    },
    {
      "name": "Davao",
      "latitude": 7.11001690564,
      "longitude": 125.629995482,
      "region": "Philippines"
    },
    {
      "name": "Bratsk",
      "latitude": 56.1569972932,
      "longitude": 101.615027221,
      "region": "Russia"
    },
    {
      "name": "Irkutsk",
      "latitude": 52.3199705191,
      "longitude": 104.245047566,
      "region": "Russia"
    },
    {
      "name": "Krasnoyarsk",
      "latitude": 56.0139827668,
      "longitude": 92.8660005279,
      "region": "Russia"
    },
    {
      "name": "Dickson",
      "latitude": 73.506971862,
      "longitude": 80.5450988352,
      "region": "Russia"
    },
    {
      "name": "Chita",
      "latitude": 52.0550254507,
      "longitude": 113.465001586,
      "region": "Russia"
    },
    {
      "name": "Vladivostok",
      "latitude": 43.1300146678,
      "longitude": 131.910025593,
      "region": "Russia"
    },
    {
      "name": "Nizhneyansk",
      "latitude": 71.4333258252,
      "longitude": 136.066619425,
      "region": "Russia"
    },
    {
      "name": "Yakutsk",
      "latitude": 62.0349589225,
      "longitude": 129.735016234,
      "region": "Russia"
    },
    {
      "name": "Tiksi",
      "latitude": 71.6268855246,
      "longitude": 128.834966755,
      "region": "Russia"
    },
    {
      "name": "Magadan",
      "latitude": 59.5749798779,
      "longitude": 150.81000891,
      "region": "Russia"
    },
    {
      "name": "Tijuana",
      "latitude": 32.5000175161,
      "longitude": -117.079995974,
      "region": "Mexico"
    },
    {
      "name": "Chihuahua",
      "latitude": 28.6449815053,
      "longitude": -106.084982342,
      "region": "Mexico"
    },
    {
      "name": "Mazatlan",
      "latitude": 23.2211006866,
      "longitude": -106.420000653,
      "region": "Mexico"
    },
    {
      "name": "Tampico",
      "latitude": 22.3000199575,
      "longitude": -97.8700057391,
      "region": "Mexico"
    },
    {
      "name": "Acapulco",
      "latitude": 16.849990864,
      "longitude": -99.9159790464,
      "region": "Mexico"
    },
    {
      "name": "Veracruz",
      "latitude": 19.1773423451,
      "longitude": -96.1599809181,
      "region": "Mexico"
    },
    {
      "name": "Tuxtla Gutierrez",
      "latitude": 16.7499969675,
      "longitude": -93.1500096047,
      "region": "Mexico"
    },
    {
      "name": "Cancun",
      "latitude": 21.1699597361,
      "longitude": -86.8300077736,
      "region": "Mexico"
    },
    {
      "name": "Merida",
      "latitude": 20.9666388133,
      "longitude": -89.6166335467,
      "region": "Mexico"
    },
    {
      "name": "Enugu",
      "latitude": 6.45003135063,
      "longitude": 7.49999670272,
      "region": "Nigeria"
    },
    {
      "name": "Sokoto",
      "latitude": 13.0600154815,
      "longitude": 5.2400312893,
      "region": "Nigeria"
    },
    {
      "name": "Perm",
      "latitude": 57.9999597363,
      "longitude": 56.2499926339,
      "region": "Russia"
    },
    {
      "name": "Erdenet",
      "latitude": 49.0532965282,
      "longitude": 104.118336954,
      "region": "Mongolia"
    },
    {
      "name": "Ulaanbaatar",
      "latitude": 47.9166733999,
      "longitude": 106.916615762,
      "region": "Mongolia"
    },
    {
      "name": "Wellington",
      "latitude": -41.2999739393,
      "longitude": 174.783274291,
      "region": "New Zealand"
    },
    {
      "name": "Mbeya",
      "latitude": -8.89001422235,
      "longitude": 33.4300418688,
      "region": "United Republic of Tanzania"
    },
    {
      "name": "Windhoek",
      "latitude": -22.5700060844,
      "longitude": 17.0835461005,
      "region": "Namibia"
    },
    {
      "name": "Grootfontein",
      "latitude": -19.566623516,
      "longitude": 18.1165579821,
      "region": "Namibia"
    },
    {
      "name": "Zanzibar",
      "latitude": -6.1599999808,
      "longitude": 39.2000255928,
      "region": "United Republic of Tanzania"
    },
    {
      "name": "Christchurch",
      "latitude": -43.5350313123,
      "longitude": 172.630020711,
      "region": "New Zealand"
    },
    {
      "name": "Valencia",
      "latitude": 39.4850175161,
      "longitude": -0.40001204569,
      "region": "Kingdom of Spain"
    },
    {
      "name": "Palana",
      "latitude": 59.0840020947,
      "longitude": 159.95001949,
      "region": "Russia"
    },
    {
      "name": "Petropavlovsk Kamchatskiy",
      "latitude": 53.0619924104,
      "longitude": 158.623020385,
      "region": "Russia"
    },
    {
      "name": "Abuja",
      "latitude": 9.08333314914,
      "longitude": 7.53332800155,
      "region": "Nigeria"
    },
    {
      "name": "Padang",
      "latitude": -0.960007305,
      "longitude": 100.360013386,
      "region": "Indonesia"
    },
    {
      "name": "Bissau",
      "latitude": 11.865023823,
      "longitude": -15.5983608413,
      "region": "Guinea Bissau"
    },
    {
      "name": "Palermo",
      "latitude": 38.1250230093,
      "longitude": 13.3500272203,
      "region": "Italy"
    },
    {
      "name": "Amman",
      "latitude": 31.9500252472,
      "longitude": 35.9332999255,
      "region": "Jordan"
    },
    {
      "name": "Vilnius",
      "latitude": 54.6833663118,
      "longitude": 25.3166352933,
      "region": "Lithuania"
    },
    {
      "name": "Riga",
      "latitude": 56.9500238232,
      "longitude": 24.0999653714,
      "region": "Latvia"
    },
    {
      "name": "Bishkek",
      "latitude": 42.8730794465,
      "longitude": 74.5852042225,
      "region": "Kyrgyzstan"
    },
    {
      "name": "Jiayuguan",
      "latitude": 39.8200099885,
      "longitude": 98.2999840891,
      "region": "China"
    },
    {
      "name": "Xining",
      "latitude": 36.6199985952,
      "longitude": 101.770004841,
      "region": "China"
    },
    {
      "name": "Guilin",
      "latitude": 25.279993102,
      "longitude": 110.280028035,
      "region": "China"
    },
    {
      "name": "Huainan",
      "latitude": 32.6299837433,
      "longitude": 116.979980834,
      "region": "China"
    },
    {
      "name": "Shantou",
      "latitude": 23.3700063263,
      "longitude": 116.670025593,
      "region": "China"
    },
    {
      "name": "Tarakan",
      "latitude": 3.30001690563,
      "longitude": 117.633015909,
      "region": "Indonesia"
    },
    {
      "name": "Mombasa",
      "latitude": -4.04002602246,
      "longitude": 39.6899181709,
      "region": "Kenya"
    },
    {
      "name": "Maseru",
      "latitude": -29.3166743787,
      "longitude": 27.48327307,
      "region": "Lesotho"
    },
    {
      "name": "Antananarivo",
      "latitude": -18.9166373506,
      "longitude": 47.5166239001,
      "region": "Madagascar"
    },
    {
      "name": "Semarang",
      "latitude": -6.96661741245,
      "longitude": 110.42001949,
      "region": "Indonesia"
    },
    {
      "name": "Palembang",
      "latitude": -2.98003904329,
      "longitude": 104.750029662,
      "region": "Indonesia"
    },
    {
      "name": "Bandjarmasin",
      "latitude": -3.32999184277,
      "longitude": 114.580075642,
      "region": "Indonesia"
    },
    {
      "name": "Ujungpandang",
      "latitude": -5.13995888379,
      "longitude": 119.432027546,
      "region": "Indonesia"
    },
    {
      "name": "Lyon",
      "latitude": 45.7700085643,
      "longitude": 4.83003047549,
      "region": "French Republic"
    },
    {
      "name": "Quito",
      "latitude": -0.21498818065,
      "longitude": -78.5000511085,
      "region": "Ecuador"
    },
    {
      "name": "San Jose",
      "latitude": 9.93501242974,
      "longitude": -84.0840513527,
      "region": "Costa Rica"
    },
    {
      "name": "San Salvador",
      "latitude": 13.7100016469,
      "longitude": -89.2030412208,
      "region": "El Salvador"
    },
    {
      "name": "Kingston",
      "latitude": 17.9770766238,
      "longitude": -76.7674337137,
      "region": "Jamaica"
    },
    {
      "name": "Cartagena",
      "latitude": 10.3997385853,
      "longitude": -75.5143935564,
      "region": "Colombia"
    },
    {
      "name": "Mitu",
      "latitude": 1.1983105661,
      "longitude": -70.1736084408,
      "region": "Colombia"
    },
    {
      "name": "Bumba",
      "latitude": 2.18998130178,
      "longitude": 22.4599621162,
      "region": "Congo (Kinshasa)"
    },
    {
      "name": "Ndjamena",
      "latitude": 12.1130965362,
      "longitude": 15.0491483141,
      "region": "Chad"
    },
    {
      "name": "Abeche",
      "latitude": 13.8399937123,
      "longitude": 20.8299840888,
      "region": "Chad"
    },
    {
      "name": "Malabo",
      "latitude": 3.75001527803,
      "longitude": 8.78327754582,
      "region": "Equatorial Guinea"
    },
    {
      "name": "Luxor",
      "latitude": 25.7000191437,
      "longitude": 32.6500377998,
      "region": "Egypt"
    },
    {
      "name": "Asmara",
      "latitude": 15.3333392527,
      "longitude": 38.9333235258,
      "region": "Eritrea"
    },
    {
      "name": "Zagreb",
      "latitude": 45.8000067333,
      "longitude": 15.9999946682,
      "region": "Croatia"
    },
    {
      "name": "Tallinn",
      "latitude": 59.4338773795,
      "longitude": 24.7280407295,
      "region": "Estonia"
    },
    {
      "name": "Lhasa",
      "latitude": 29.6450238231,
      "longitude": 91.1000101308,
      "region": "China"
    },
    {
      "name": "Hami",
      "latitude": 42.8269840689,
      "longitude": 93.5150048411,
      "region": "China"
    },
    {
      "name": "Hotan",
      "latitude": 37.0997109162,
      "longitude": 79.9269453521,
      "region": "China"
    },
    {
      "name": "Kashgar",
      "latitude": 39.4763358755,
      "longitude": 75.9699259022,
      "region": "China"
    },
    {
      "name": "Yinchuan",
      "latitude": 38.4679736522,
      "longitude": 106.273037475,
      "region": "China"
    },
    {
      "name": "Pingxiang",
      "latitude": 27.620005309,
      "longitude": 113.850042683,
      "region": "China"
    },
    {
      "name": "Nagasaki",
      "latitude": 32.7649884227,
      "longitude": 129.885032917,
      "region": "Japan"
    },
    {
      "name": "Qiqihar",
      "latitude": 47.3449770295,
      "longitude": 123.989992227,
      "region": "China"
    },
    {
      "name": "Kikwit",
      "latitude": -5.03004311231,
      "longitude": 18.8500015856,
      "region": "Congo (Kinshasa)"
    },
    {
      "name": "Matadi",
      "latitude": -5.81661008822,
      "longitude": 13.4500211168,
      "region": "Congo (Kinshasa)"
    },
    {
      "name": "Kolwezi",
      "latitude": -10.7167244274,
      "longitude": 25.4724397366,
      "region": "Congo (Kinshasa)"
    },
    {
      "name": "Lubumbashi",
      "latitude": -11.6800248018,
      "longitude": 27.4800174548,
      "region": "Congo (Kinshasa)"
    },
    {
      "name": "Lilongwe",
      "latitude": -13.9832950655,
      "longitude": 33.78330196,
      "region": "Malawi"
    },
    {
      "name": "Guatemala",
      "latitude": 14.6211346628,
      "longitude": -90.5269655779,
      "region": "Guatemala"
    },
    {
      "name": "Cayenne",
      "latitude": 4.93299216605,
      "longitude": -52.3300205908,
      "region": "French Republic"
    },
    {
      "name": "Libreville",
      "latitude": 0.38538860972,
      "longitude": 9.45796504582,
      "region": "Gabon"
    },
    {
      "name": "Vishakhapatnam",
      "latitude": 17.7300146677,
      "longitude": 83.3049820546,
      "region": "India"
    },
    {
      "name": "Suva",
      "latitude": -18.1330159314,
      "longitude": 178.441707315,
      "region": "Fiji"
    },
    {
      "name": "Port-Gentil",
      "latitude": -0.72002195344,
      "longitude": 8.78002193059,
      "region": "Gabon"
    },
    {
      "name": "Timbuktu",
      "latitude": 16.7665851023,
      "longitude": -3.01659651835,
      "region": "Mali"
    },
    {
      "name": "Punta Arenas",
      "latitude": -53.1649861464,
      "longitude": -70.9399957699,
      "region": "Chile"
    },
    {
      "name": "Iquique",
      "latitude": -20.2499926566,
      "longitude": -70.1299676938,
      "region": "Chile"
    },
    {
      "name": "Antofagasta",
      "latitude": -23.6499918429,
      "longitude": -70.4000028907,
      "region": "Chile"
    },
    {
      "name": "Valparaiso",
      "latitude": -33.0477644666,
      "longitude": -71.6210136329,
      "region": "Chile"
    },
    {
      "name": "Valdivia",
      "latitude": -39.7950012016,
      "longitude": -73.2450230323,
      "region": "Chile"
    },
    {
      "name": "Concepcion",
      "latitude": -36.8300142225,
      "longitude": -73.0500220151,
      "region": "Chile"
    },
    {
      "name": "Puerto Montt",
      "latitude": -41.4699894015,
      "longitude": -72.9299776628,
      "region": "Chile"
    },
    {
      "name": "Nuuk",
      "latitude": 64.1982814673,
      "longitude": -51.7326587899,
      "region": "Denmark"
    },
    {
      "name": "Nouakchott",
      "latitude": 18.0864270212,
      "longitude": -15.9753404149,
      "region": "Mauritania"
    },
    {
      "name": "Bamako",
      "latitude": 12.6500146677,
      "longitude": -8.00003910464,
      "region": "Mali"
    },
    {
      "name": "Atar",
      "latitude": 20.5166404409,
      "longitude": -13.0499892593,
      "region": "Mauritania"
    },
    {
      "name": "Djenne",
      "latitude": 13.8999900502,
      "longitude": -4.54999129375,
      "region": "Mali"
    },
    {
      "name": "Sabha",
      "latitude": 27.0332710968,
      "longitude": 14.4333202705,
      "region": "Libya"
    },
    {
      "name": "Banghazi",
      "latitude": 32.1167334178,
      "longitude": 20.0667231839,
      "region": "Libya"
    },
    {
      "name": "Thessaloniki",
      "latitude": 40.6961063833,
      "longitude": 22.8850007718,
      "region": "Greece"
    },
    {
      "name": "Beirut",
      "latitude": 33.871975117,
      "longitude": 35.50970821,
      "region": "Lebanon"
    },
    {
      "name": "Tbilisi",
      "latitude": 41.7250099885,
      "longitude": 44.7907954496,
      "region": "Georgia"
    },
    {
      "name": "Gonder",
      "latitude": 12.6100429473,
      "longitude": 37.4600284411,
      "region": "Ethiopia"
    },
    {
      "name": "Astana",
      "latitude": 51.1811253043,
      "longitude": 71.4277742095,
      "region": "Kazakhstan"
    },
    {
      "name": "Qaraghandy",
      "latitude": 49.8849770295,
      "longitude": 73.1150097238,
      "region": "Kazakhstan"
    },
    {
      "name": "Almaty",
      "latitude": 43.3249898469,
      "longitude": 76.9150361724,
      "region": "Kazakhstan"
    },
    {
      "name": "Isfahan",
      "latitude": 32.7000053091,
      "longitude": 51.7000377999,
      "region": "Iran"
    },
    {
      "name": "Shiraz",
      "latitude": 29.629960143,
      "longitude": 52.5700105375,
      "region": "Iran"
    },
    {
      "name": "Amritsar",
      "latitude": 31.6399924917,
      "longitude": 74.8699930409,
      "region": "India"
    },
    {
      "name": "Varanasi",
      "latitude": 25.3299900502,
      "longitude": 83.0000394276,
      "region": "India"
    },
    {
      "name": "Asansol",
      "latitude": 23.6833333,
      "longitude": 86.9833333,
      "region": "India"
    },
    {
      "name": "Bhilai",
      "latitude": 21.2166667,
      "longitude": 81.4333333,
      "region": "India"
    },
    {
      "name": "Bhopal",
      "latitude": 23.2499878123,
      "longitude": 77.4099930409,
      "region": "India"
    },
    {
      "name": "Madurai",
      "latitude": 9.92002626438,
      "longitude": 78.1200272206,
      "region": "India"
    },
    {
      "name": "Coimbatore",
      "latitude": 10.9999603464,
      "longitude": 76.9500211171,
      "region": "India"
    },
    {
      "name": "Vientiane",
      "latitude": 17.9666927276,
      "longitude": 102.59998002,
      "region": "Laos"
    },
    {
      "name": "Brazzaville",
      "latitude": -4.25918577181,
      "longitude": 15.2846894925,
      "region": "Congo (Brazzaville)"
    },
    {
      "name": "Conakry",
      "latitude": 9.53152284641,
      "longitude": -13.6802350275,
      "region": "Guinea"
    },
    {
      "name": "Yamoussoukro",
      "latitude": 6.81838096,
      "longitude": -5.27550256491,
      "region": "Ivory Coast"
    },
    {
      "name": "Cruzeiro do Sul",
      "latitude": -7.62998777378,
      "longitude": -72.6699676938,
      "region": "Brazil"
    },
    {
      "name": "Leticia",
      "latitude": -4.22001503613,
      "longitude": -69.9399792904,
      "region": "Colombia"
    },
    {
      "name": "Manaus",
      "latitude": -3.10003171907,
      "longitude": -60.0000175391,
      "region": "Brazil"
    },
    {
      "name": "Caxias",
      "latitude": -4.83300087598,
      "longitude": -43.3500260839,
      "region": "Brazil"
    },
    {
      "name": "Santarem",
      "latitude": -2.43325071321,
      "longitude": -54.6999792904,
      "region": "Brazil"
    },
    {
      "name": "Maraba",
      "latitude": -5.34997190463,
      "longitude": -49.1159790462,
      "region": "Brazil"
    },
    {
      "name": "Vilhena",
      "latitude": -12.7166023571,
      "longitude": -60.1165995703,
      "region": "Brazil"
    },
    {
      "name": "Ji-Parana",
      "latitude": -10.8333064587,
      "longitude": -61.9670034196,
      "region": "Brazil"
    },
    {
      "name": "Campo Grande",
      "latitude": -20.450032126,
      "longitude": -54.6166252051,
      "region": "Brazil"
    },
    {
      "name": "Florianopolis",
      "latitude": -27.5799845186,
      "longitude": -48.5200205908,
      "region": "Brazil"
    },
    {
      "name": "Feira de Santana",
      "latitude": -12.25001585,
      "longitude": -38.9700091975,
      "region": "Brazil"
    },
    {
      "name": "Winnipeg",
      "latitude": 49.8829874869,
      "longitude": -97.1659918638,
      "region": "Canada"
    },
    {
      "name": "Churchill",
      "latitude": 58.7659853303,
      "longitude": -94.1659941017,
      "region": "Canada"
    },
    {
      "name": "Regina",
      "latitude": 50.4500329784,
      "longitude": -104.61700993,
      "region": "Canada"
    },
    {
      "name": "Saskatoon",
      "latitude": 52.1700313508,
      "longitude": -106.669985394,
      "region": "Canada"
    },
    {
      "name": "Calgary",
      "latitude": 51.0829917593,
      "longitude": -114.079998212,
      "region": "Canada"
    },
    {
      "name": "Prince Rupert",
      "latitude": 54.3166703482,
      "longitude": -130.329988242,
      "region": "Canada"
    },
    {
      "name": "Victoria",
      "latitude": 48.4332826936,
      "longitude": -123.350000856,
      "region": "Canada"
    },
    {
      "name": "Arctic Bay",
      "latitude": 73.0333056836,
      "longitude": -85.1666209327,
      "region": "Canada"
    },
    {
      "name": "Resolute",
      "latitude": 74.6833341667,
      "longitude": -94.900006146,
      "region": "Canada"
    },
    {
      "name": "Repulse Bay",
      "latitude": 66.5294668887,
      "longitude": -86.2829350195,
      "region": "Canada"
    },
    {
      "name": "Yellowknife",
      "latitude": 62.4420141796,
      "longitude": -114.396981447,
      "region": "Canada"
    },
    {
      "name": "Fort Good Hope",
      "latitude": 66.2666127718,
      "longitude": -128.633321779,
      "region": "Canada"
    },
    {
      "name": "Whitehorse",
      "latitude": 60.7167189729,
      "longitude": -135.049984377,
      "region": "Canada"
    },
    {
      "name": "Boa Vista",
      "latitude": 2.81609295543,
      "longitude": -60.6659975603,
      "region": "Brazil"
    },
    {
      "name": "Macapá",
      "latitude": 0.03300701792,
      "longitude": -51.0500212012,
      "region": "Brazil"
    },
    {
      "name": "Ottawa",
      "latitude": 45.4166967967,
      "longitude": -75.7000153012,
      "region": "Canada"
    },
    {
      "name": "Fort Severn",
      "latitude": 55.9833386425,
      "longitude": -87.649983563,
      "region": "Canada"
    },
    {
      "name": "Thunder Bay",
      "latitude": 48.4461501252,
      "longitude": -89.2749748146,
      "region": "Canada"
    },
    {
      "name": "Québec",
      "latitude": 46.8399690949,
      "longitude": -71.2456101905,
      "region": "Canada"
    },
    {
      "name": "Halifax",
      "latitude": 44.6500252473,
      "longitude": -63.6000045183,
      "region": "Canada"
    },
    {
      "name": "St. Johns",
      "latitude": 47.5849882193,
      "longitude": -52.6810069189,
      "region": "Canada"
    },
    {
      "name": "Nain",
      "latitude": 56.5473514703,
      "longitude": -61.6860454003,
      "region": "Canada"
    },
    {
      "name": "Charlottetown",
      "latitude": 46.2492816356,
      "longitude": -63.1313251156,
      "region": "Canada"
    },
    {
      "name": "Ndele",
      "latitude": 8.40913657525,
      "longitude": 20.6530439847,
      "region": "Central African Republic"
    },
    {
      "name": "Belgrade",
      "latitude": 44.8186454458,
      "longitude": 20.4679906806,
      "region": "Republic of Serbia"
    },
    {
      "name": "Obo",
      "latitude": 5.39999208467,
      "longitude": 26.5000255928,
      "region": "Central African Republic"
    },
    {
      "name": "Bandar Seri Begawan",
      "latitude": 4.88333111462,
      "longitude": 114.933284057,
      "region": "Brunei"
    },
    {
      "name": "Puerto Deseado",
      "latitude": -47.7500195122,
      "longitude": -65.8999674903,
      "region": "Argentina"
    },
    {
      "name": "Rio Gallegos",
      "latitude": -51.6332966932,
      "longitude": -69.216586753,
      "region": "Argentina"
    },
    {
      "name": "Comodoro Rivadavia",
      "latitude": -45.8700309054,
      "longitude": -67.4999990251,
      "region": "Argentina"
    },
    {
      "name": "Mendoza",
      "latitude": -32.883330059,
      "longitude": -68.8166111671,
      "region": "Argentina"
    },
    {
      "name": "Sucre",
      "latitude": -19.0409708467,
      "longitude": -65.2595156267,
      "region": "Bolivia"
    },
    {
      "name": "Riberalta",
      "latitude": -10.983013083,
      "longitude": -66.1000069597,
      "region": "Bolivia"
    },
    {
      "name": "Bahia Blanca",
      "latitude": -38.7400268364,
      "longitude": -62.2650214047,
      "region": "Argentina"
    },
    {
      "name": "Mar del Plata",
      "latitude": -38.000020326,
      "longitude": -57.5799843766,
      "region": "Argentina"
    },
    {
      "name": "Córdoba",
      "latitude": -31.3999580701,
      "longitude": -64.1822945573,
      "region": "Argentina"
    },
    {
      "name": "Posadas",
      "latitude": -27.3578320979,
      "longitude": -55.8851073488,
      "region": "Argentina"
    },
    {
      "name": "Belmopan",
      "latitude": 17.2520335072,
      "longitude": -88.7670729998,
      "region": "Belize"
    },
    {
      "name": "Bangui",
      "latitude": 4.36664430635,
      "longitude": 18.5582881253,
      "region": "Central African Republic"
    },
    {
      "name": "Maroua",
      "latitude": 10.5955664255,
      "longitude": 14.3246964098,
      "region": "Cameroon"
    },
    {
      "name": "Yaounde",
      "latitude": 3.86670066214,
      "longitude": 11.5166507555,
      "region": "Cameroon"
    },
    {
      "name": "Tirana",
      "latitude": 41.3275407095,
      "longitude": 19.8188830146,
      "region": "Albania"
    },
    {
      "name": "Yerevan",
      "latitude": 40.1811507355,
      "longitude": 44.5135513904,
      "region": "Armenia"
    },
    {
      "name": "Baku",
      "latitude": 40.3952720327,
      "longitude": 49.8622171619,
      "region": "Azerbaijan"
    },
    {
      "name": "Kandahar",
      "latitude": 31.610020161,
      "longitude": 65.6949458403,
      "region": "Afghanistan"
    },
    {
      "name": "Phnom Penh",
      "latitude": 11.5500301299,
      "longitude": 104.91663448,
      "region": "Cambodia"
    },
    {
      "name": "Menongue",
      "latitude": -14.6666125297,
      "longitude": 17.6999942614,
      "region": "Angola"
    },
    {
      "name": "Huambo",
      "latitude": -12.7499853324,
      "longitude": 15.7600093167,
      "region": "Angola"
    },
    {
      "name": "La Paz",
      "latitude": -16.4979736137,
      "longitude": -68.1499851905,
      "region": "Bolivia"
    },
    {
      "name": "Santa Cruz",
      "latitude": -17.7539176241,
      "longitude": -63.2259963396,
      "region": "Bolivia"
    },
    {
      "name": "Oran",
      "latitude": 35.7100024608,
      "longitude": -0.61997277974,
      "region": "Algeria"
    },
    {
      "name": "Cotonou",
      "latitude": 6.40000856417,
      "longitude": 2.51999059918,
      "region": "Benin"
    },
    {
      "name": "Tamanrasset",
      "latitude": 22.7850032745,
      "longitude": 5.5228047268,
      "region": "Algeria"
    },
    {
      "name": "Ghardaia",
      "latitude": 32.4899922882,
      "longitude": 3.6699979234,
      "region": "Algeria"
    },
    {
      "name": "Sofia",
      "latitude": 42.6833494253,
      "longitude": 23.3166540107,
      "region": "Bulgaria"
    },
    {
      "name": "Minsk",
      "latitude": 53.8999774364,
      "longitude": 27.5666271553,
      "region": "Belarus"
    },
    {
      "name": "Thimphu",
      "latitude": 27.4729858592,
      "longitude": 89.639014037,
      "region": "Bhutan"
    },
    {
      "name": "Gaborone",
      "latitude": -24.6463134574,
      "longitude": 25.9119477933,
      "region": "Botswana"
    },
    {
      "name": "Darwin",
      "latitude": -12.4253539847,
      "longitude": 130.850038614,
      "region": "Australia"
    },
    {
      "name": "Alice Springs",
      "latitude": -23.7009964815,
      "longitude": 133.880034545,
      "region": "Australia"
    },
    {
      "name": "Canberra",
      "latitude": -35.2830285454,
      "longitude": 149.129026244,
      "region": "Australia"
    },
    {
      "name": "Newcastle",
      "latitude": -32.8453478813,
      "longitude": 151.815012166,
      "region": "Australia"
    },
    {
      "name": "Adelaide",
      "latitude": -34.9349877739,
      "longitude": 138.600004841,
      "region": "Australia"
    },
    {
      "name": "Townsville",
      "latitude": -19.2499503389,
      "longitude": 146.76999711,
      "region": "Australia"
    },
    {
      "name": "Brisbane",
      "latitude": -27.4550309054,
      "longitude": 153.035092732,
      "region": "Australia"
    },
    {
      "name": "Hobart",
      "latitude": -42.8500085259,
      "longitude": 147.295029662,
      "region": "Australia"
    },
    {
      "name": "Ouagadougou",
      "latitude": 12.3703159779,
      "longitude": -1.5247237563,
      "region": "Burkina Faso"
    },
    {
      "name": "Sarajevo",
      "latitude": 43.850022399,
      "longitude": 18.383001667,
      "region": "Bosnia and Herzegovina"
    },
    {
      "name": "Naypyidaw",
      "latitude": 19.7665570261,
      "longitude": 96.1186185292,
      "region": "Myanmar"
    },
    {
      "name": "San Juan",
      "latitude": 18.4400230092,
      "longitude": -66.1299792904,
      "region": "United States"
    },
    {
      "name": "Stanley",
      "latitude": -51.7000109673,
      "longitude": -57.8499678972,
      "region": "United Kingdom"
    },
    {
      "name": "Hamilton",
      "latitude": 32.2941902863,
      "longitude": -64.7839374203,
      "region": "United Kingdom"
    },
    {
      "name": "Nukualofa",
      "latitude": -21.1385123567,
      "longitude": -175.220564478,
      "region": "Tonga"
    },
    {
      "name": "Hargeysa",
      "latitude": 9.56002239882,
      "longitude": 44.0653100167,
      "region": "Somaliland"
    },
    {
      "name": "Victoria",
      "latitude": -4.61663165397,
      "longitude": 55.4499897856,
      "region": "Seychelles"
    },
    {
      "name": "Sao Tome",
      "latitude": 0.33340211883,
      "longitude": 6.73332515323,
      "region": "Sao Tome and Principe"
    },
    {
      "name": "Apia",
      "latitude": -13.8415450424,
      "longitude": -171.738641609,
      "region": "Samoa"
    },
    {
      "name": "Valletta",
      "latitude": 35.8997324819,
      "longitude": 14.5147106513,
      "region": "Malta"
    },
    {
      "name": "Male",
      "latitude": 4.16670818981,
      "longitude": 73.499947468,
      "region": "Maldives"
    },
    {
      "name": "Jerusalem",
      "latitude": 31.7784078156,
      "longitude": 35.2066259346,
      "region": "Israel"
    },
    {
      "name": "Praia",
      "latitude": 14.9166980173,
      "longitude": -23.516688885,
      "region": "Cape Verde"
    },
    {
      "name": "Nassau",
      "latitude": 25.0833901154,
      "longitude": -77.3500437843,
      "region": "Bahamas, The"
    },
    {
      "name": "Nicosia",
      "latitude": 35.1666764517,
      "longitude": 33.3666348864,
      "region": "Cyprus"
    },
    {
      "name": "Kaohsiung",
      "latitude": 22.6333071075,
      "longitude": 120.266601928,
      "region": "Taiwan"
    },
    {
      "name": "Shenzhen",
      "latitude": 22.5523705111,
      "longitude": 114.122123088,
      "region": "China"
    },
    {
      "name": "Zibo",
      "latitude": 36.7999876089,
      "longitude": 118.049993041,
      "region": "China"
    },
    {
      "name": "Minneapolis",
      "latitude": 44.9799792674,
      "longitude": -93.2517863381,
      "region": "United States"
    },
    {
      "name": "Honolulu",
      "latitude": 21.3068764435,
      "longitude": -157.857997886,
      "region": "United States"
    },
    {
      "name": "Seattle",
      "latitude": 47.5700020539,
      "longitude": -122.339984987,
      "region": "United States"
    },
    {
      "name": "Phoenix",
      "latitude": 33.5399798778,
      "longitude": -112.069991701,
      "region": "United States"
    },
    {
      "name": "San Diego",
      "latitude": 32.8200238231,
      "longitude": -117.17998987,
      "region": "United States"
    },
    {
      "name": "St. Louis",
      "latitude": 38.6350177196,
      "longitude": -90.2399805112,
      "region": "United States"
    },
    {
      "name": "New Orleans",
      "latitude": 29.9950024607,
      "longitude": -90.03996688,
      "region": "United States"
    },
    {
      "name": "Dallas",
      "latitude": 32.8200238231,
      "longitude": -96.8400169289,
      "region": "United States"
    },
    {
      "name": "Maracaibo",
      "latitude": 10.7299768259,
      "longitude": -71.6599776628,
      "region": "Venezuela"
    },
    {
      "name": "Boston",
      "latitude": 42.3299601431,
      "longitude": -71.0700136736,
      "region": "United States"
    },
    {
      "name": "Tampa",
      "latitude": 27.9469879344,
      "longitude": -82.4586208514,
      "region": "United States"
    },
    {
      "name": "Philadelphia",
      "latitude": 39.9999731639,
      "longitude": -75.1699959734,
      "region": "United States"
    },
    {
      "name": "Detroit",
      "latitude": 42.3299601431,
      "longitude": -83.0800557879,
      "region": "United States"
    },
    {
      "name": "Anchorage",
      "latitude": 61.2199699088,
      "longitude": -149.900214886,
      "region": "United States"
    },
    {
      "name": "Hanoi",
      "latitude": 21.0333272491,
      "longitude": 105.8500142,
      "region": "Vietnam"
    },
    {
      "name": "Ho Chi Minh City",
      "latitude": 10.7800254506,
      "longitude": 106.695027221,
      "region": "Vietnam"
    },
    {
      "name": "Ankara",
      "latitude": 39.9272385855,
      "longitude": 32.864391641,
      "region": "Turkey"
    },
    {
      "name": "Budapest",
      "latitude": 47.5000063264,
      "longitude": 19.0833206774,
      "region": "Hungary"
    },
    {
      "name": "Sanaa",
      "latitude": 15.3547332957,
      "longitude": 44.2065933826,
      "region": "Yemen"
    },
    {
      "name": "Barcelona",
      "latitude": 41.3832995799,
      "longitude": 2.18337031923,
      "region": "Kingdom of Spain"
    },
    {
      "name": "Bucharest",
      "latitude": 44.4333718049,
      "longitude": 26.099946654,
      "region": "Romania"
    },
    {
      "name": "Aleppo",
      "latitude": 36.2299707225,
      "longitude": 37.1700203031,
      "region": "Syria"
    },
    {
      "name": "Damascus",
      "latitude": 33.5000339956,
      "longitude": 36.299995889,
      "region": "Syria"
    },
    {
      "name": "Zürich",
      "latitude": 47.3799878124,
      "longitude": 8.55001013046,
      "region": "Switzerland"
    },
    {
      "name": "Lisbon",
      "latitude": 38.7227228779,
      "longitude": -9.14486630549,
      "region": "Portugal"
    },
    {
      "name": "Khartoum",
      "latitude": 15.5880782257,
      "longitude": 32.5341792386,
      "region": "Sudan"
    },
    {
      "name": "Jeddah",
      "latitude": 21.5168894643,
      "longitude": 39.2191975492,
      "region": "Saudi Arabia"
    },
    {
      "name": "Makkah",
      "latitude": 21.4300213816,
      "longitude": 39.8200394275,
      "region": "Saudi Arabia"
    },
    {
      "name": "Oslo",
      "latitude": 59.9166902864,
      "longitude": 10.749979206,
      "region": "Kingdom of Norway"
    },
    {
      "name": "Lahore",
      "latitude": 31.5599715363,
      "longitude": 74.3500247792,
      "region": "Pakistan"
    },
    {
      "name": "Karachi",
      "latitude": 24.8699922882,
      "longitude": 66.99000891,
      "region": "Pakistan"
    },
    {
      "name": "Durban",
      "latitude": -29.8650130017,
      "longitude": 30.9800105374,
      "region": "South Africa"
    },
    {
      "name": "St. Petersburg",
      "latitude": 59.9390145051,
      "longitude": 30.3160200589,
      "region": "Russia"
    },
    {
      "name": "Guadalajara",
      "latitude": 20.6700160919,
      "longitude": -103.330034222,
      "region": "Mexico"
    },
    {
      "name": "Puebla",
      "latitude": 19.0499599395,
      "longitude": -98.2000372739,
      "region": "Mexico"
    },
    {
      "name": "Kano",
      "latitude": 11.9999768259,
      "longitude": 8.52003779973,
      "region": "Nigeria"
    },
    {
      "name": "Warsaw",
      "latitude": 52.2500006298,
      "longitude": 20.9999995511,
      "region": "Poland"
    },
    {
      "name": "Pyongyang",
      "latitude": 39.0194386994,
      "longitude": 125.754690714,
      "region": "Korea, North"
    },
    {
      "name": "Dar es Salaam",
      "latitude": -6.80001259474,
      "longitude": 39.2683418363,
      "region": "United Republic of Tanzania"
    },
    {
      "name": "Medan",
      "latitude": 3.57997397757,
      "longitude": 98.6500402415,
      "region": "Indonesia"
    },
    {
      "name": "Dublin",
      "latitude": 53.333061136,
      "longitude": -6.24890568178,
      "region": "Ireland"
    },
    {
      "name": "Monrovia",
      "latitude": 6.31055665987,
      "longitude": -10.8047516291,
      "region": "Liberia"
    },
    {
      "name": "Naples",
      "latitude": 40.8400252473,
      "longitude": 14.2450113512,
      "region": "Italy"
    },
    {
      "name": "Milan",
      "latitude": 45.4699751984,
      "longitude": 9.20500890976,
      "region": "Italy"
    },
    {
      "name": "Kuala Lumpur",
      "latitude": 3.1666658721,
      "longitude": 101.699983275,
      "region": "Malaysia"
    },
    {
      "name": "Lanzhou",
      "latitude": 36.0560278514,
      "longitude": 103.792000284,
      "region": "China"
    },
    {
      "name": "Nanning",
      "latitude": 22.8199882192,
      "longitude": 108.320044311,
      "region": "China"
    },
    {
      "name": "Guiyang",
      "latitude": 26.5800429474,
      "longitude": 106.720038614,
      "region": "China"
    },
    {
      "name": "Chongqing",
      "latitude": 29.5649770294,
      "longitude": 106.594981648,
      "region": "China"
    },
    {
      "name": "Fuzhou",
      "latitude": 26.0799959503,
      "longitude": 119.300045938,
      "region": "China"
    },
    {
      "name": "Guangzhou",
      "latitude": 23.1449813019,
      "longitude": 113.325010131,
      "region": "China"
    },
    {
      "name": "Dongguan",
      "latitude": 23.0488889,
      "longitude": 113.7447222,
      "region": "China"
    },
    {
      "name": "Bandung",
      "latitude": -6.95002927768,
      "longitude": 107.570012572,
      "region": "Indonesia"
    },
    {
      "name": "Surabaya",
      "latitude": -7.24923582065,
      "longitude": 112.750833292,
      "region": "Indonesia"
    },
    {
      "name": "Guayaquil",
      "latitude": -2.22003375357,
      "longitude": -79.9200419532,
      "region": "Ecuador"
    },
    {
      "name": "Medellin",
      "latitude": 6.27500327446,
      "longitude": -75.5750100115,
      "region": "Colombia"
    },
    {
      "name": "Cali",
      "latitude": 3.39995912568,
      "longitude": -76.4999664731,
      "region": "Colombia"
    },
    {
      "name": "Havana",
      "latitude": 23.1319588409,
      "longitude": -82.3641821713,
      "region": "Cuba"
    },
    {
      "name": "Alexandria",
      "latitude": 31.2000193471,
      "longitude": 29.949995889,
      "region": "Egypt"
    },
    {
      "name": "Frankfurt",
      "latitude": 50.0999768261,
      "longitude": 8.67501542017,
      "region": "Germany"
    },
    {
      "name": "Hamburg",
      "latitude": 53.5500246369,
      "longitude": 9.99999914413,
      "region": "Germany"
    },
    {
      "name": "Munich",
      "latitude": 48.129942036,
      "longitude": 11.5749934475,
      "region": "Germany"
    },
    {
      "name": "Prague",
      "latitude": 50.0833370149,
      "longitude": 14.4659797757,
      "region": "Czech Republic"
    },
    {
      "name": "Kuwait",
      "latitude": 29.36971763,
      "longitude": 47.9783011462,
      "region": "Kuwait"
    },
    {
      "name": "Xian",
      "latitude": 34.2750254507,
      "longitude": 108.894996296,
      "region": "China"
    },
    {
      "name": "Taiyuan",
      "latitude": 37.8750124299,
      "longitude": 112.545057738,
      "region": "China"
    },
    {
      "name": "Wuhan",
      "latitude": 30.5800313507,
      "longitude": 114.270017048,
      "region": "China"
    },
    {
      "name": "Changsha",
      "latitude": 28.1999699087,
      "longitude": 112.969993041,
      "region": "China"
    },
    {
      "name": "Kunming",
      "latitude": 25.0699800812,
      "longitude": 102.679975137,
      "region": "China"
    },
    {
      "name": "Zhengzhou",
      "latitude": 34.7549961538,
      "longitude": 113.665092732,
      "region": "China"
    },
    {
      "name": "Shenyeng",
      "latitude": 41.8049792674,
      "longitude": 123.44997351,
      "region": "China"
    },
    {
      "name": "Jinan",
      "latitude": 36.6749823192,
      "longitude": 116.995018676,
      "region": "China"
    },
    {
      "name": "Tianjin",
      "latitude": 39.1300262645,
      "longitude": 117.200019083,
      "region": "China"
    },
    {
      "name": "Nanchang",
      "latitude": 28.6799922882,
      "longitude": 115.879996296,
      "region": "China"
    },
    {
      "name": "Nanjing",
      "latitude": 32.0500191437,
      "longitude": 118.779974324,
      "region": "China"
    },
    {
      "name": "Hangzhou",
      "latitude": 30.2499739777,
      "longitude": 120.170018676,
      "region": "China"
    },
    {
      "name": "Hiroshima",
      "latitude": 34.3878351024,
      "longitude": 132.442912963,
      "region": "Japan"
    },
    {
      "name": "Changchun",
      "latitude": 43.8650085643,
      "longitude": 125.339987344,
      "region": "China"
    },
    {
      "name": "Baotou",
      "latitude": 40.6522072541,
      "longitude": 109.822019815,
      "region": "China"
    },
    {
      "name": "Harbin",
      "latitude": 45.7499839468,
      "longitude": 126.649984903,
      "region": "China"
    },
    {
      "name": "Sapporo",
      "latitude": 43.0749792674,
      "longitude": 141.340044311,
      "region": "Japan"
    },
    {
      "name": "Santo Domingo",
      "latitude": 18.4700728546,
      "longitude": -69.9000850847,
      "region": "Dominican Republic"
    },
    {
      "name": "Accra",
      "latitude": 5.55003460583,
      "longitude": -0.21671574035,
      "region": "Ghana"
    },
    {
      "name": "Delhi",
      "latitude": 28.6699928986,
      "longitude": 77.2300040272,
      "region": "India"
    },
    {
      "name": "Hyderabad",
      "latitude": 17.3999831329,
      "longitude": 78.4799535715,
      "region": "India"
    },
    {
      "name": "Pune",
      "latitude": 18.530017516,
      "longitude": 73.8500036203,
      "region": "India"
    },
    {
      "name": "Nagpur",
      "latitude": 21.1699597361,
      "longitude": 79.0899938547,
      "region": "India"
    },
    {
      "name": "Tripoli",
      "latitude": 32.8925000194,
      "longitude": 13.1800117581,
      "region": "Libya"
    },
    {
      "name": "Tel Aviv-Yafo",
      "latitude": 32.0799914744,
      "longitude": 34.7700117582,
      "region": "Israel"
    },
    {
      "name": "Helsinki",
      "latitude": 60.175563374,
      "longitude": 24.9341263415,
      "region": "Finland"
    },
    {
      "name": "Mashhad",
      "latitude": 36.2700199575,
      "longitude": 59.5699967029,
      "region": "Iran"
    },
    {
      "name": "Jaipur",
      "latitude": 26.9211332387,
      "longitude": 75.8099873443,
      "region": "India"
    },
    {
      "name": "Kanpur",
      "latitude": 26.4599985952,
      "longitude": 80.3199962961,
      "region": "India"
    },
    {
      "name": "Patna",
      "latitude": 25.6249591258,
      "longitude": 85.1300386138,
      "region": "India"
    },
    {
      "name": "Chennai",
      "latitude": 13.0899878122,
      "longitude": 80.2799987375,
      "region": "India"
    },
    {
      "name": "Ahmedabad",
      "latitude": 23.0300529164,
      "longitude": 72.5800036203,
      "region": "India"
    },
    {
      "name": "Surat",
      "latitude": 21.1999837433,
      "longitude": 72.8400394276,
      "region": "India"
    },
    {
      "name": "København",
      "latitude": 55.6785641904,
      "longitude": 12.5634857473,
      "region": "Denmark"
    },
    {
      "name": "Abidjan",
      "latitude": 5.31999696749,
      "longitude": -4.04004825989,
      "region": "Ivory Coast"
    },
    {
      "name": "Belem",
      "latitude": -1.45000323599,
      "longitude": -48.4800230322,
      "region": "Brazil"
    },
    {
      "name": "Brasilia",
      "latitude": -15.7833402315,
      "longitude": -47.9160522884,
      "region": "Brazil"
    },
    {
      "name": "Porto Alegre",
      "latitude": -30.0500146293,
      "longitude": -51.2000120459,
      "region": "Brazil"
    },
    {
      "name": "Curitiba",
      "latitude": -25.4200130017,
      "longitude": -49.3199976009,
      "region": "Brazil"
    },
    {
      "name": "Fortaleza",
      "latitude": -3.75001788444,
      "longitude": -38.5799813248,
      "region": "Brazil"
    },
    {
      "name": "Salvador",
      "latitude": -12.9699719047,
      "longitude": -38.4799874283,
      "region": "Brazil"
    },
    {
      "name": "Edmonton",
      "latitude": 53.5500246369,
      "longitude": -113.499981935,
      "region": "Canada"
    },
    {
      "name": "Montréal",
      "latitude": 45.4999992056,
      "longitude": -73.5832969581,
      "region": "Canada"
    },
    {
      "name": "Goiania",
      "latitude": -16.7200272432,
      "longitude": -49.3000246598,
      "region": "Brazil"
    },
    {
      "name": "Recife",
      "latitude": -8.07564532586,
      "longitude": -34.915605511,
      "region": "Brazil"
    },
    {
      "name": "Brussels",
      "latitude": 50.8333170767,
      "longitude": 4.3333166083,
      "region": "Belgium"
    },
    {
      "name": "Dhaka",
      "latitude": 23.7230597117,
      "longitude": 90.4085794667,
      "region": "Bangladesh"
    },
    {
      "name": "Luanda",
      "latitude": -8.83828611363,
      "longitude": 13.2344270413,
      "region": "Angola"
    },
    {
      "name": "Algiers",
      "latitude": 36.763064798,
      "longitude": 3.05055252952,
      "region": "Algeria"
    },
    {
      "name": "Chittagong",
      "latitude": 22.3299922882,
      "longitude": 91.7999674062,
      "region": "Bangladesh"
    },
    {
      "name": "Perth",
      "latitude": -31.9550146293,
      "longitude": 115.839998738,
      "region": "Australia"
    },
    {
      "name": "Rangoon",
      "latitude": 16.7833541046,
      "longitude": 96.1666776113,
      "region": "Myanmar"
    },
    {
      "name": "San Francisco",
      "latitude": 37.7400077505,
      "longitude": -122.459977663,
      "region": "United States"
    },
    {
      "name": "Denver",
      "latitude": 39.7391880484,
      "longitude": -104.984015952,
      "region": "United States"
    },
    {
      "name": "Houston",
      "latitude": 29.8199743846,
      "longitude": -95.3399792905,
      "region": "United States"
    },
    {
      "name": "Miami",
      "latitude": 25.7876106964,
      "longitude": -80.2241060808,
      "region": "United States"
    },
    {
      "name": "Atlanta",
      "latitude": 33.830013854,
      "longitude": -84.3999493833,
      "region": "United States"
    },
    {
      "name": "Chicago",
      "latitude": 41.8299906607,
      "longitude": -87.7500549741,
      "region": "United States"
    },
    {
      "name": "Caracas",
      "latitude": 10.5009985544,
      "longitude": -66.9170371924,
      "region": "Venezuela"
    },
    {
      "name": "Kiev",
      "latitude": 50.433367329,
      "longitude": 30.5166279691,
      "region": "Ukraine"
    },
    {
      "name": "Dubai",
      "latitude": 25.2299961538,
      "longitude": 55.2799743234,
      "region": "United Arab Emirates"
    },
    {
      "name": "Tashkent",
      "latitude": 41.311701883,
      "longitude": 69.2949328195,
      "region": "Uzbekistan"
    },
    {
      "name": "Madrid",
      "latitude": 40.4000262645,
      "longitude": -3.683351686,
      "region": "Kingdom of Spain"
    },
    {
      "name": "Geneva",
      "latitude": 46.2100075471,
      "longitude": 6.14002803409,
      "region": "Switzerland"
    },
    {
      "name": "Stockholm",
      "latitude": 59.3507599543,
      "longitude": 18.0973347328,
      "region": "Sweden"
    },
    {
      "name": "Bangkok",
      "latitude": 13.7499992055,
      "longitude": 100.516644652,
      "region": "Thailand"
    },
    {
      "name": "Lima",
      "latitude": -12.0480126761,
      "longitude": -77.0500620948,
      "region": "Peru"
    },
    {
      "name": "Dakar",
      "latitude": 14.715831725,
      "longitude": -17.4731301284,
      "region": "Senegal"
    },
    {
      "name": "Johannesburg",
      "latitude": -26.17004474,
      "longitude": 28.0300097236,
      "region": "South Africa"
    },
    {
      "name": "Amsterdam",
      "latitude": 52.3499686881,
      "longitude": 4.91664017601,
      "region": "Kingdom of the Netherlands"
    },
    {
      "name": "Casablanca",
      "latitude": 33.5999762156,
      "longitude": -7.61636743309,
      "region": "Morocco"
    },
    {
      "name": "Seoul",
      "latitude": 37.5663490998,
      "longitude": 126.999730997,
      "region": "Korea, South"
    },
    {
      "name": "Manila",
      "latitude": 14.6041589548,
      "longitude": 120.982217162,
      "region": "Philippines"
    },
    {
      "name": "Monterrey",
      "latitude": 25.6699951365,
      "longitude": -100.329984784,
      "region": "Mexico"
    },
    {
      "name": "Auckland",
      "latitude": -36.8500130018,
      "longitude": 174.764980834,
      "region": "New Zealand"
    },
    {
      "name": "Berlin",
      "latitude": 52.5218186636,
      "longitude": 13.4015486233,
      "region": "Germany"
    },
    {
      "name": "Urumqi",
      "latitude": 43.8050122264,
      "longitude": 87.5750056549,
      "region": "China"
    },
    {
      "name": "Chengdu",
      "latitude": 30.6700000193,
      "longitude": 104.07001949,
      "region": "China"
    },
    {
      "name": "Osaka",
      "latitude": 34.7500352163,
      "longitude": 135.460144815,
      "region": "Japan"
    },
    {
      "name": "Kinshasa",
      "latitude": -4.32972410189,
      "longitude": 15.3149718818,
      "region": "Congo (Kinshasa)"
    },
    {
      "name": "New Delhi",
      "latitude": 28.6000230092,
      "longitude": 77.1999800201,
      "region": "India"
    },
    {
      "name": "Bangalore",
      "latitude": 12.9699951365,
      "longitude": 77.5600097238,
      "region": "India"
    },
    {
      "name": "Athens",
      "latitude": 37.9833262319,
      "longitude": 23.7333210843,
      "region": "Greece"
    },
    {
      "name": "Baghdad",
      "latitude": 33.3386484975,
      "longitude": 44.3938687732,
      "region": "Iraq"
    },
    {
      "name": "Addis Ababa",
      "latitude": 9.03331036268,
      "longitude": 38.700004434,
      "region": "Ethiopia"
    },
    {
      "name": "Tehran",
      "latitude": 35.6719427684,
      "longitude": 51.4243440336,
      "region": "Iran"
    },
    {
      "name": "Vancouver",
      "latitude": 49.2734165841,
      "longitude": -123.121644218,
      "region": "Canada"
    },
    {
      "name": "Toronto",
      "latitude": 43.6999798778,
      "longitude": -79.4200207944,
      "region": "Canada"
    },
    {
      "name": "Buenos Aires",
      "latitude": -34.6025016085,
      "longitude": -58.3975313737,
      "region": "Argentina"
    },
    {
      "name": "Kabul",
      "latitude": 34.5166902863,
      "longitude": 69.1832600493,
      "region": "Afghanistan"
    },
    {
      "name": "Vienna",
      "latitude": 48.2000152782,
      "longitude": 16.3666389554,
      "region": "Austria"
    },
    {
      "name": "Melbourne",
      "latitude": -37.8200313123,
      "longitude": 144.975016235,
      "region": "Australia"
    },
    {
      "name": "Taipei",
      "latitude": 25.03583333333,
      "longitude": 121.56833333333,
      "region": "Taiwan"
    },
    {
      "name": "Los Angeles",
      "latitude": 33.9899782502,
      "longitude": -118.179980511,
      "region": "United States"
    },
    {
      "name": "Washington, D.C.",
      "latitude": 38.8995493765,
      "longitude": -77.0094185808,
      "region": "United States"
    },
    {
      "name": "New York",
      "latitude": 40.749979064,
      "longitude": -73.9800169288,
      "region": "United States"
    },
    {
      "name": "London",
      "latitude": 51.4999947297,
      "longitude": -0.11672184386,
      "region": "United Kingdom"
    },
    {
      "name": "Istanbul",
      "latitude": 41.1049961538,
      "longitude": 29.0100015856,
      "region": "Turkey"
    },
    {
      "name": "Riyadh",
      "latitude": 24.6408331492,
      "longitude": 46.7727416573,
      "region": "Saudi Arabia"
    },
    {
      "name": "Cape Town",
      "latitude": -33.9200109672,
      "longitude": 18.4349881578,
      "region": "South Africa"
    },
    {
      "name": "Moscow",
      "latitude": 55.7521641226,
      "longitude": 37.6155228259,
      "region": "Russia"
    },
    {
      "name": "Mexico City",
      "latitude": 19.4424424428,
      "longitude": -99.1309882017,
      "region": "Mexico"
    },
    {
      "name": "Lagos",
      "latitude": 6.44326165348,
      "longitude": 3.39153107121,
      "region": "Nigeria"
    },
    {
      "name": "Rome",
      "latitude": 41.8959556265,
      "longitude": 12.4832584215,
      "region": "Italy"
    },
    {
      "name": "Beijing",
      "latitude": 39.9288922313,
      "longitude": 116.388285684,
      "region": "China"
    },
    {
      "name": "Nairobi",
      "latitude": -1.28334674185,
      "longitude": 36.8166568591,
      "region": "Kenya"
    },
    {
      "name": "Jakarta",
      "latitude": -6.17441770541,
      "longitude": 106.829437621,
      "region": "Indonesia"
    },
    {
      "name": "Bogota",
      "latitude": 4.59642356253,
      "longitude": -74.0833439552,
      "region": "Colombia"
    },
    {
      "name": "Cairo",
      "latitude": 30.0499603465,
      "longitude": 31.2499682197,
      "region": "Egypt"
    },
    {
      "name": "Shanghai",
      "latitude": 31.2164524526,
      "longitude": 121.436504678,
      "region": "China"
    },
    {
      "name": "Tokyo",
      "latitude": 35.6850169058,
      "longitude": 139.751407429,
      "region": "Japan"
    },
    {
      "name": "Mumbai",
      "latitude": 19.0169903757,
      "longitude": 72.8569892974,
      "region": "India"
    },
    {
      "name": "Paris",
      "latitude": 48.8666929312,
      "longitude": 2.33333532574,
      "region": "French Republic"
    },
    {
      "name": "Santiago",
      "latitude": -33.4500138155,
      "longitude": -70.6670408546,
      "region": "Chile"
    },
    {
      "name": "Kolkata",
      "latitude": 22.4949692983,
      "longitude": 88.3246756581,
      "region": "India"
    },
    {
      "name": "Rio de Janeiro",
      "latitude": -22.9250231742,
      "longitude": -43.2250207942,
      "region": "Brazil"
    },
    {
      "name": "Sao Paulo",
      "latitude": -23.558679587,
      "longitude": -46.6250199804,
      "region": "Brazil"
    },
    {
      "name": "Sydney",
      "latitude": -33.9200109672,
      "longitude": 151.185179809,
      "region": "Australia"
    },
    {
      "name": "Singapore",
      "latitude": 1.29303346649,
      "longitude": 103.855820678,
      "region": "Singapore"
    },
    {
      "name": "Hong Kong",
      "latitude": 22.304980895,
      "longitude": 114.185009317,
      "region": "China"
    }
  ]
}
